Date,IYZ,XLB,XLE,XLF,XLI,XLK,XLP,XLRE,XLU,XLV,XLY
2009-12-28,427400.0,2582300.0,5948900.0,40923487.0,3117000.0,5763100.0,5099400.0,,5506900.0,3511000.0,1620400.0
2010-01-04,3704600.0,34898400.0,89442200.0,494940415.0,41268100.0,57640300.0,41927200.0,,51817100.0,26292500.0,28027700.0
2010-01-11,3858500.0,51434400.0,97708600.0,500104336.0,46908100.0,56075300.0,38117000.0,,42588800.0,35518400.0,25792500.0
2010-01-18,2921900.0,58168600.0,78490000.0,770736978.0,55460800.0,68686400.0,37771800.0,,41024500.0,62734300.0,26325300.0
2010-01-25,4023200.0,79288900.0,131266600.0,1084162627.0,86348700.0,117187100.0,49865500.0,,52950800.0,54809200.0,31514100.0
2010-02-01,4010200.0,106477500.0,147365000.0,1003838768.0,101672100.0,87429100.0,47370900.0,,34448000.0,46678100.0,37664300.0
2010-02-08,3564000.0,109864300.0,124633900.0,695195309.0,81469000.0,79572400.0,33747200.0,,38583300.0,33954100.0,31010100.0
2010-02-15,2076400.0,74751700.0,71043700.0,362119577.0,45150100.0,31668200.0,26590700.0,,23585500.0,25643600.0,20819300.0
2010-02-22,2372400.0,83334900.0,94276100.0,578192576.0,53865300.0,46421500.0,29275600.0,,31889900.0,29888000.0,27648700.0
2010-03-01,1357600.0,78333400.0,79145800.0,371056146.0,41847500.0,32437200.0,37184700.0,,23877100.0,32605600.0,34748200.0
2010-03-08,1781500.0,76795500.0,73381100.0,501073503.0,40106000.0,47682700.0,32023600.0,,20653900.0,24206600.0,23955600.0
2010-03-15,3099400.0,54659000.0,101346000.0,495094537.0,57040300.0,38751900.0,22401600.0,,25295300.0,37666200.0,26603700.0
2010-03-19,,,,,,,,,,,
2010-03-22,1615700.0,68963500.0,101641100.0,615125038.0,47062500.0,37197100.0,18824600.0,,36289600.0,31869300.0,28819500.0
2010-03-25,,,,,,,,,,,
2010-03-29,1580600.0,32800400.0,65691600.0,267216247.0,51803600.0,26846600.0,19348700.0,,25499700.0,18696100.0,23773800.0
2010-04-05,2133200.0,42235500.0,87475600.0,361624223.0,45736600.0,29576300.0,17069800.0,,24790800.0,22084400.0,26738300.0
2010-04-12,1302200.0,44520300.0,94080300.0,867528784.0,61787900.0,49771700.0,21163200.0,,27095800.0,32171800.0,33589100.0
2010-04-19,4082400.0,43897700.0,96085200.0,913796905.0,75948600.0,42141300.0,22848400.0,,20493200.0,46209200.0,39454100.0
2010-04-26,1712100.0,60061800.0,133537400.0,973034840.0,94974500.0,70423800.0,29433700.0,,27212900.0,51089800.0,54649800.0
2010-05-03,3013900.0,110548800.0,179172400.0,1352355181.0,170540200.0,85934300.0,46962400.0,,60027400.0,69570600.0,110618100.0
2010-05-10,3726400.0,78928400.0,120874600.0,781266707.0,113426500.0,76001700.0,31502100.0,,36553100.0,48529900.0,63983800.0
2010-05-17,4019800.0,113066300.0,177749600.0,1264406141.0,190158000.0,105065800.0,57165700.0,,45915700.0,68618700.0,82754200.0
2010-05-24,2768900.0,75258000.0,156944700.0,796550309.0,129604700.0,86810200.0,49297800.0,,40657600.0,62083000.0,63584000.0
2010-05-31,2372900.0,52519500.0,127545100.0,472363998.0,96682800.0,54693000.0,32554800.0,,32817100.0,41621100.0,41921400.0
2010-06-07,2267600.0,66955500.0,131055600.0,667708434.0,132943500.0,62120000.0,42325200.0,,37023400.0,42488300.0,56030600.0
2010-06-14,2900400.0,45659000.0,86393200.0,483930228.0,90028500.0,49342300.0,28600400.0,,28674800.0,29588200.0,39388900.0
2010-06-18,,,,,,,,,,,
2010-06-21,2123800.0,61823600.0,93409300.0,710120200.0,89646900.0,59265000.0,34584700.0,,40606300.0,39747300.0,54466000.0
2010-06-24,,,,,,,,,,,
2010-06-28,4406100.0,66551000.0,92362000.0,687635370.0,109464500.0,74013600.0,39301800.0,,37712500.0,64585800.0,59856500.0
2010-07-05,3771600.0,40298100.0,60192100.0,466114210.0,63070300.0,44751100.0,26658600.0,,29880700.0,31888600.0,38009700.0
2010-07-12,2574100.0,49491900.0,67355200.0,558788199.0,90927400.0,58915600.0,26496900.0,,35291800.0,30808400.0,45928500.0
2010-07-19,2034900.0,58437600.0,92821300.0,517028372.0,116223600.0,61722400.0,42323500.0,,32974100.0,47273300.0,44396400.0
2010-07-26,1803800.0,44418700.0,65498800.0,432186990.0,81651100.0,47151100.0,54101600.0,,52202700.0,44229600.0,40163500.0
2010-08-02,3450100.0,47385300.0,81967300.0,436393193.0,70121000.0,56467500.0,46231400.0,,26987000.0,44636600.0,35885300.0
2010-08-09,2403800.0,54080800.0,62159500.0,401037272.0,81407700.0,64148200.0,31321900.0,,35789200.0,39864900.0,35930400.0
2010-08-16,3061700.0,55000700.0,75920800.0,422095498.0,69615400.0,63112800.0,29496400.0,,54138700.0,30577000.0,32031700.0
2010-08-23,3389400.0,54947300.0,72936800.0,468957329.0,112662900.0,54973300.0,36524600.0,,46717600.0,43163100.0,42919800.0
2010-08-30,3913200.0,40623100.0,68964000.0,563938950.0,96821600.0,57577100.0,41967200.0,,36933800.0,37544400.0,40435500.0
2010-09-06,4078900.0,21465000.0,36131200.0,282247496.0,49108100.0,32228100.0,21143600.0,,21441600.0,22563500.0,19914100.0
2010-09-13,2803400.0,48093700.0,68334200.0,413401437.0,76389700.0,50625100.0,37701600.0,,31293000.0,30180800.0,29353000.0
2010-09-17,,,,,,,,,,,
2010-09-20,4211900.0,51168900.0,89299300.0,504772535.0,96208500.0,54690600.0,39097800.0,,32935500.0,32651000.0,42544100.0
2010-09-23,,,,,,,,,,,
2010-09-27,3145400.0,42249400.0,92143700.0,555317642.0,78371200.0,61475600.0,28387700.0,,36924200.0,35913500.0,38191000.0
2010-10-04,3307000.0,50101600.0,79875200.0,513962074.0,65496700.0,34991200.0,24993300.0,,21355100.0,28510400.0,32714000.0
2010-10-11,3192300.0,40996600.0,65972100.0,642398951.0,76944400.0,59389400.0,27367600.0,,21773300.0,19962700.0,27765100.0
2010-10-18,3011200.0,51563200.0,62811800.0,537330146.0,76693600.0,92991600.0,24386800.0,,26981100.0,32138900.0,39409200.0
2010-10-25,1673200.0,49827100.0,55890500.0,312184432.0,65306100.0,48541900.0,30930600.0,,24720600.0,27786500.0,33431600.0
2010-11-01,1519100.0,57111800.0,78989900.0,690100939.0,63865100.0,53483400.0,35217800.0,,34300800.0,38658300.0,37972300.0
2010-11-08,1435100.0,55498500.0,85745800.0,593967472.0,57507300.0,46548000.0,38565200.0,,33116600.0,34353300.0,40140600.0
2010-11-15,1476300.0,66384700.0,78682200.0,524746987.0,88867300.0,53053000.0,28999100.0,,27063000.0,33057200.0,49387800.0
2010-11-22,1290200.0,37581400.0,69878500.0,335489969.0,40371900.0,30129800.0,17342200.0,,15872800.0,24890400.0,28976800.0
2010-11-29,2666100.0,57965200.0,81666300.0,549495381.0,62193400.0,47394100.0,34836100.0,,32915700.0,37514000.0,42120700.0
2010-12-06,1395400.0,44019800.0,67311300.0,481982170.0,73509200.0,37407600.0,25106700.0,,33528000.0,26652800.0,31879900.0
2010-12-13,1657700.0,36662900.0,57863300.0,433981418.0,47880100.0,29705300.0,30604800.0,,33840600.0,32050200.0,22195400.0
2010-12-17,,,,,,,,,,,
2010-12-20,712600.0,17179600.0,31317200.0,233264284.0,24381400.0,18962900.0,13668700.0,,14465700.0,11708200.0,14377300.0
2010-12-22,,,,,,,,,,,
2010-12-27,643500.0,14415200.0,25246200.0,175247869.0,18946100.0,21031900.0,13418200.0,,9822400.0,12264000.0,13457400.0
2011-01-03,3458100.0,42675700.0,58553500.0,600646631.0,48078900.0,48414700.0,25823900.0,,23912600.0,30167400.0,23175700.0
2011-01-10,1992100.0,39293800.0,58723400.0,457508660.0,43606500.0,53199000.0,21280200.0,,26032800.0,22045400.0,37936900.0
2011-01-17,3200600.0,57561000.0,65398700.0,428841009.0,53270000.0,46838900.0,28480200.0,,24630900.0,34988000.0,21315200.0
2011-01-24,2289200.0,60410800.0,91818000.0,435515490.0,65952400.0,63018900.0,45083700.0,,26899300.0,37353800.0,30878600.0
2011-01-31,974900.0,51122200.0,86909800.0,354126326.0,57126900.0,54138800.0,34609800.0,,24796800.0,37396900.0,24181000.0
2011-02-07,1436500.0,45644500.0,83759700.0,335043116.0,57355500.0,40761400.0,24023400.0,,25252300.0,27963900.0,25302700.0
2011-02-14,2525600.0,41153900.0,65766900.0,231184631.0,47070400.0,31753700.0,27411700.0,,23925000.0,32168700.0,18162100.0
2011-02-21,2338000.0,59930200.0,91174500.0,428273763.0,98189500.0,53737300.0,35692100.0,,22460500.0,37083000.0,30395400.0
2011-02-28,1480300.0,57526300.0,76567900.0,513814845.0,93579100.0,57172800.0,40172900.0,,43318400.0,57957700.0,38107200.0
2011-03-07,726600.0,92113500.0,104763500.0,492527531.0,107240800.0,63809200.0,50930700.0,,46477400.0,42861700.0,40906100.0
2011-03-14,1220200.0,101186800.0,114919000.0,754935739.0,135497100.0,75238800.0,46827500.0,,69599200.0,68287700.0,47666800.0
2011-03-18,,,,,,,,,,,
2011-03-21,1644600.0,51306100.0,64260700.0,364975866.0,68548000.0,40516200.0,26543800.0,,27565600.0,38420500.0,36109200.0
2011-03-25,,,,,,,,,,,
2011-03-28,1340700.0,56518200.0,81905500.0,303474984.0,66575400.0,36782600.0,29890100.0,,27284100.0,20369600.0,34492100.0
2011-04-04,808700.0,53198700.0,77190200.0,310332145.0,68550700.0,42247900.0,24934500.0,,23047600.0,26491100.0,32616800.0
2011-04-11,2115100.0,66939600.0,118391500.0,359712480.0,73879700.0,36751300.0,37316700.0,,36100500.0,37648900.0,32409400.0
2011-04-18,866100.0,48264500.0,70141600.0,307684635.0,61957700.0,38149900.0,29711300.0,,22710900.0,25005000.0,26381000.0
2011-04-25,1748000.0,55078400.0,59906800.0,252869558.0,73674900.0,37458400.0,42008400.0,,29398200.0,37788500.0,34128300.0
2011-05-02,1831000.0,91351000.0,155951600.0,454136089.0,121823300.0,49770700.0,56561800.0,,42050400.0,54677400.0,40698800.0
2011-05-09,2425900.0,81371800.0,158030200.0,375167071.0,85841500.0,50524300.0,36839200.0,,29354000.0,48244800.0,27119300.0
2011-05-16,2614500.0,90986200.0,130796900.0,402118953.0,108263200.0,105525500.0,58663400.0,,29776200.0,49375400.0,42210300.0
2011-05-23,1981800.0,66741200.0,105491100.0,405439575.0,99021700.0,57458900.0,50744400.0,,25004300.0,58946600.0,26812800.0
2011-05-30,4567600.0,70337900.0,93407900.0,514582990.0,110830700.0,48482300.0,42753600.0,,25839700.0,41858500.0,33793400.0
2011-06-06,2521300.0,76303800.0,105900500.0,600325094.0,112775800.0,43453300.0,44665800.0,,37464900.0,45430100.0,35512500.0
2011-06-13,2989800.0,101064900.0,138655900.0,677661561.0,125150700.0,66497600.0,68640100.0,,35844000.0,61344000.0,57601000.0
2011-06-17,,,,,,,,,,,
2011-06-20,3613500.0,74274400.0,121626000.0,486552381.0,85608100.0,58450000.0,57913800.0,,29170300.0,59210300.0,47845100.0
2011-06-24,,,,,,,,,,,
2011-06-27,2877900.0,60747700.0,91179200.0,401962863.0,86887200.0,48873000.0,52567800.0,,28867100.0,44320700.0,52044100.0
2011-07-04,1902600.0,48119600.0,61602800.0,299725480.0,91263700.0,39877800.0,29181300.0,,23758500.0,27451600.0,31451600.0
2011-07-11,3633300.0,54631300.0,109853200.0,576581935.0,104585600.0,51684800.0,37181700.0,,31448200.0,45141300.0,47300600.0
2011-07-18,4326100.0,49478700.0,79293600.0,639806341.0,80562900.0,44155000.0,33035600.0,,30163000.0,47572600.0,30537000.0
2011-07-25,2525400.0,52033800.0,93126200.0,521668132.0,140360200.0,49880000.0,38438000.0,,39366800.0,60574100.0,34359200.0
2011-08-01,6392900.0,126834200.0,205686500.0,833733896.0,246243500.0,121195400.0,80163900.0,,68898900.0,134806900.0,82197200.0
2011-08-08,4000700.0,144554700.0,224349100.0,1366236061.0,235533500.0,167566800.0,109593200.0,,86564400.0,138795500.0,104886100.0
2011-08-15,1672100.0,103967500.0,145486100.0,750429295.0,168146300.0,145470900.0,82055400.0,,90805200.0,84332400.0,72606900.0
2011-08-22,1579000.0,63473300.0,129875500.0,815730768.0,124575200.0,104986100.0,57406500.0,,76655000.0,64037900.0,53796800.0
2011-08-29,1537600.0,64157300.0,122011500.0,589012204.0,150926800.0,70317600.0,55419800.0,,51839100.0,54610600.0,54126100.0
2011-09-05,1331400.0,56881700.0,91409700.0,543175180.0,110477800.0,48152200.0,39198100.0,,40055000.0,80538200.0,35885500.0
2011-09-12,1596900.0,70669200.0,120044900.0,616966860.0,170702400.0,71986100.0,54260500.0,,35826500.0,62613600.0,46747900.0
2011-09-16,,,,,,,,,,,
2011-09-19,3863100.0,106889500.0,138638500.0,741657681.0,180310400.0,125909200.0,59057800.0,,78914900.0,81172000.0,79363900.0
2011-09-23,,,,,,,,,,,
2011-09-26,4064700.0,99813700.0,142571600.0,681541304.0,144964300.0,90959800.0,63210200.0,,55362100.0,65866900.0,63082600.0
2011-10-03,6335300.0,103996100.0,162202600.0,982944021.0,140514700.0,74195600.0,63013300.0,,73484900.0,106520600.0,74571400.0
2011-10-10,1370100.0,51936300.0,90742400.0,688786970.0,90373600.0,50072600.0,27168100.0,,42771300.0,32333000.0,39331000.0
2011-10-17,2704900.0,65977800.0,113338300.0,860617458.0,87242300.0,48585900.0,48157400.0,,37599700.0,36622100.0,44037300.0
2011-10-24,4075200.0,66608500.0,111766800.0,916464237.0,101207200.0,55129600.0,62111800.0,,51727100.0,79818500.0,62463600.0
2011-10-31,2573300.0,75269700.0,116271800.0,793414337.0,94560200.0,49362700.0,41905600.0,,43552100.0,45889500.0,34067900.0
2011-11-07,1283300.0,70837100.0,92648300.0,675190082.0,91309600.0,34681100.0,24581600.0,,30847200.0,36732100.0,33338900.0
2011-11-14,1561800.0,64623000.0,106485900.0,584130796.0,75392600.0,39540500.0,31283000.0,,28554200.0,36521300.0,23153300.0
2011-11-21,487100.0,49757400.0,67642000.0,342578068.0,63300400.0,36083500.0,35872000.0,,31761500.0,21567100.0,17442700.0
2011-11-28,867800.0,66762500.0,100598500.0,573496679.0,93992300.0,41813800.0,36033000.0,,34261500.0,46711800.0,29224400.0
2011-12-05,1813000.0,60908300.0,78528900.0,577681096.0,95724200.0,32872600.0,28223200.0,,36215600.0,68673600.0,28468500.0
2011-12-12,1264400.0,80830200.0,104357900.0,585704876.0,110895500.0,112971000.0,34615100.0,,40034100.0,27943700.0,50059600.0
2011-12-16,,,,,,,,,,,
2011-12-19,830300.0,51871000.0,53428700.0,424302804.0,78547900.0,37654500.0,28131400.0,,30231100.0,20947700.0,19721900.0
2011-12-22,,,,,,,,,,,
2011-12-26,764000.0,17109700.0,31233100.0,166652164.0,26447700.0,17280500.0,13433900.0,,14450700.0,15619300.0,9088400.0
2012-01-02,2087100.0,34988600.0,59841100.0,347009791.0,47526200.0,43330300.0,38542000.0,,44375500.0,37740500.0,22842700.0
2012-01-09,3180500.0,45804500.0,75070800.0,425279725.0,62695400.0,24810500.0,24064600.0,,27223400.0,29550300.0,15055700.0
2012-01-16,1476600.0,33469000.0,56586500.0,453698099.0,47728500.0,33528000.0,28873600.0,,26547300.0,24949800.0,16809400.0
2012-01-23,2404800.0,36749800.0,69445600.0,491495830.0,51027000.0,69680400.0,47890900.0,,57775000.0,25442800.0,16945500.0
2012-01-30,4837800.0,53250800.0,71550800.0,414702111.0,60486900.0,38166600.0,37170500.0,,42301600.0,40091500.0,23161900.0
2012-02-06,3617300.0,42437000.0,66403500.0,353033689.0,51948100.0,41439400.0,33836700.0,,30841200.0,22108500.0,23568200.0
2012-02-13,1830600.0,46187000.0,70796200.0,422383183.0,69719700.0,46510900.0,23148400.0,,31660900.0,25063500.0,22002300.0
2012-02-20,1426100.0,23156200.0,53087600.0,297432866.0,40919000.0,28826100.0,18180800.0,,18651400.0,22487100.0,15056900.0
2012-02-27,1420300.0,55646900.0,73562600.0,396640018.0,67766400.0,51850200.0,35121200.0,,28056200.0,29611100.0,30600800.0
2012-03-05,1124700.0,55930000.0,65986500.0,437285052.0,91767000.0,45698300.0,34144800.0,,27665000.0,20939600.0,22742500.0
2012-03-12,1501500.0,42719300.0,82674900.0,721455371.0,76033100.0,59610000.0,28910900.0,,36812500.0,23623100.0,32160300.0
2012-03-16,,,,,,,,,,,
2012-03-19,973500.0,42456000.0,77505900.0,562643198.0,71538700.0,40481400.0,21751000.0,,38183800.0,18477900.0,23058500.0
2012-03-26,2114400.0,39981300.0,67330300.0,529548503.0,92054600.0,38859200.0,21231000.0,,30377200.0,39633200.0,25011100.0
2012-04-02,3586200.0,47085600.0,57292200.0,415113264.0,58811400.0,37453700.0,24438600.0,,30499600.0,29645500.0,29367500.0
2012-04-09,791500.0,62795300.0,77374000.0,567858945.0,96409100.0,50169300.0,32634600.0,,28779900.0,22765000.0,41905400.0
2012-04-16,1736000.0,44939600.0,74743200.0,485506400.0,94139000.0,68718400.0,30081900.0,,29270400.0,30775700.0,29238600.0
2012-04-23,1225500.0,40135500.0,59650500.0,376760846.0,87144200.0,54663300.0,25637400.0,,27380200.0,23546500.0,37673000.0
2012-04-30,2197700.0,45698100.0,72175300.0,443857854.0,77890500.0,49453500.0,28759100.0,,34545700.0,21354300.0,39383000.0
2012-05-07,1470600.0,51544800.0,84941500.0,521898084.0,92219100.0,44521100.0,26144700.0,,22156500.0,25283400.0,47009800.0
2012-05-14,1368700.0,64740200.0,84707300.0,719640508.0,97818700.0,59179700.0,27416300.0,,31154800.0,33008200.0,54703800.0
2012-05-21,446700.0,46189600.0,80583200.0,516272906.0,78478500.0,38390800.0,24835700.0,,29465900.0,29878300.0,38169500.0
2012-05-28,1680900.0,39149000.0,83486200.0,429543047.0,72020000.0,36822100.0,25841800.0,,25237200.0,28791300.0,44537800.0
2012-06-04,1395500.0,45050200.0,85891200.0,529832864.0,95718900.0,38143800.0,23329600.0,,33067900.0,34264100.0,41182800.0
2012-06-11,2064500.0,48394100.0,72902700.0,582586506.0,92958500.0,58105500.0,30771900.0,,30613300.0,53335600.0,56948700.0
2012-06-15,,,,,,,,,,,
2012-06-18,2706300.0,42136200.0,86060900.0,415793886.0,75583000.0,45109600.0,35679900.0,,31192500.0,29256100.0,34919800.0
2012-06-19,,,,,,,,,,,
2012-06-25,1050100.0,42524400.0,79742600.0,360251289.0,84996900.0,38069200.0,27841400.0,,26382200.0,45244700.0,36193000.0
2012-07-02,2657500.0,36109800.0,53579500.0,224529107.0,44169600.0,25863700.0,19133500.0,,28673700.0,19876600.0,21996700.0
2012-07-09,1604000.0,57981300.0,78907900.0,385864090.0,117759200.0,39099200.0,29373200.0,,29175600.0,27678500.0,33125600.0
2012-07-16,2638900.0,45925900.0,72491200.0,337671056.0,94908100.0,46770100.0,27975000.0,,30732800.0,25052500.0,27402600.0
2012-07-23,1173700.0,47647900.0,64279700.0,338438585.0,96216800.0,38814700.0,27632600.0,,29483200.0,29068500.0,27215200.0
2012-07-30,3621700.0,44329900.0,67710800.0,379298059.0,77083100.0,41606100.0,32772700.0,,41439300.0,26421100.0,36446600.0
2012-08-06,2698500.0,32911600.0,50984600.0,181439429.0,64706200.0,43393700.0,21558500.0,,31139700.0,18030900.0,21870900.0
2012-08-13,3624000.0,30084000.0,40930400.0,142984959.0,54162200.0,32494600.0,20074300.0,,30268400.0,17594900.0,19852900.0
2012-08-20,3405300.0,27732900.0,37657000.0,224477528.0,48465300.0,50085300.0,27866300.0,,30259400.0,21296300.0,17081200.0
2012-08-27,2070100.0,27781100.0,37175800.0,169680302.0,40959900.0,30113800.0,26499500.0,,20866600.0,18493400.0,19682400.0
2012-09-03,2883400.0,33808000.0,42944700.0,191292477.0,52714700.0,31493700.0,21407400.0,,27153200.0,18130700.0,22572600.0
2012-09-10,1876100.0,44500200.0,51103800.0,508891092.0,56534400.0,35896600.0,40830100.0,,28482500.0,26205600.0,22047800.0
2012-09-17,3263100.0,36104500.0,59352500.0,346070538.0,52761000.0,42473300.0,44120400.0,,40460700.0,23707200.0,20196800.0
2012-09-21,,,,,,,,,,,
2012-09-24,3497700.0,27351900.0,53462800.0,313771682.0,65139500.0,30483500.0,25441200.0,,36240800.0,26490000.0,15700900.0
2012-09-25,,,,,,,,,,,
2012-10-01,3705700.0,31319600.0,57754800.0,360107630.0,52274300.0,36255600.0,30340500.0,,29376600.0,27802800.0,21234500.0
2012-10-08,2151300.0,33596000.0,49958700.0,370064697.0,48975000.0,60589300.0,23141800.0,,24842700.0,22735000.0,25482600.0
2012-10-15,1258600.0,46127900.0,60294000.0,372740399.0,58239500.0,52087200.0,26053500.0,,36337500.0,33862100.0,24199300.0
2012-10-22,4736000.0,51455100.0,57769500.0,408311252.0,65952700.0,37970800.0,24792800.0,,30548000.0,24673300.0,17479100.0
2012-10-29,3553300.0,26856300.0,31881500.0,191163467.0,39230500.0,34838100.0,20169600.0,,23802200.0,20563500.0,20374200.0
2012-11-05,2747900.0,36485700.0,64221200.0,456935629.0,62754700.0,46045800.0,32824500.0,,47908300.0,40445800.0,31899900.0
2012-11-12,1995200.0,37667900.0,72254900.0,353531136.0,69481500.0,48073000.0,30265700.0,,57587900.0,34126000.0,35626800.0
2012-11-19,817300.0,32406000.0,29541500.0,171702219.0,28029700.0,43981100.0,20881500.0,,46525600.0,20378600.0,20294300.0
2012-11-26,1619400.0,31634500.0,48082600.0,242557348.0,46747900.0,49901400.0,33973100.0,,79005000.0,30264100.0,32902500.0
2012-12-03,2336000.0,50429700.0,52184600.0,255695073.0,43698800.0,64616900.0,29178100.0,,50630000.0,27874700.0,33029500.0
2012-12-10,2087000.0,36668400.0,43112800.0,280433371.0,39830900.0,48149000.0,24872800.0,,35605000.0,27065200.0,26884600.0
2012-12-17,2444000.0,37259800.0,52989700.0,410904969.0,55756700.0,49720800.0,45468500.0,,43859900.0,31309700.0,34808700.0
2012-12-19,,,,,,,,,,,
2012-12-21,,,,,,,,,,,
2012-12-24,1597000.0,35230100.0,33573100.0,160327410.0,20927400.0,25817900.0,37555700.0,,37899700.0,19021600.0,27500000.0
2012-12-31,1621800.0,40400300.0,50009300.0,273550850.0,44358600.0,46850400.0,41172800.0,,43428900.0,31332100.0,33010400.0
2013-01-07,1262700.0,30724400.0,37454800.0,283734175.0,38619100.0,39645700.0,18951600.0,,36788600.0,24958500.0,19610400.0
2013-01-14,2399400.0,39307300.0,50530300.0,310361568.0,41738300.0,40631700.0,24515400.0,,28810900.0,24588500.0,27646200.0
2013-01-21,1125400.0,34212000.0,33935200.0,237131347.0,27782800.0,45473800.0,15919800.0,,27219300.0,26199700.0,17111400.0
2013-01-28,2801000.0,40299100.0,51373800.0,239238203.0,36621500.0,32708700.0,23588400.0,,38564800.0,29894100.0,26591700.0
2013-02-04,1062000.0,30205200.0,55124100.0,273774646.0,43801000.0,47013100.0,30928600.0,,33093400.0,30340400.0,23130300.0
2013-02-11,1707200.0,36876600.0,41505100.0,270072292.0,37176300.0,32183000.0,23086500.0,,30267100.0,25827000.0,29760800.0
2013-02-18,1407200.0,38288000.0,39291700.0,240536908.0,44420300.0,36585100.0,34529900.0,,32769200.0,27600000.0,28140900.0
2013-02-25,1879600.0,58518200.0,64856700.0,397033446.0,58024100.0,36108900.0,36590800.0,,40185500.0,31327700.0,28655400.0
2013-03-04,1408000.0,36629200.0,44889600.0,342142048.0,55886900.0,35927300.0,27709800.0,,38313200.0,25021000.0,24216100.0
2013-03-11,2068500.0,33842900.0,46710800.0,275286438.0,39484400.0,31317200.0,26415900.0,,33409700.0,25015500.0,20527000.0
2013-03-15,,,,,,,,,,,
2013-03-18,707500.0,28413000.0,43404400.0,333187876.0,49515700.0,29961100.0,31448400.0,,27575300.0,26753800.0,27682800.0
2013-03-25,1285100.0,23222900.0,29360700.0,191736991.0,41606300.0,23446200.0,23908000.0,,25118600.0,24349600.0,15025200.0
2013-04-01,1379700.0,47519600.0,61931900.0,327403530.0,72907100.0,29969700.0,42788000.0,,30672900.0,43450600.0,25941500.0
2013-04-08,3569100.0,39373500.0,58423600.0,313420602.0,47812100.0,34837700.0,35175400.0,,31008300.0,35984800.0,28853100.0
2013-04-15,1680200.0,68179200.0,95832400.0,384019437.0,88142600.0,61159500.0,52882000.0,,43053500.0,59154800.0,39908800.0
2013-04-22,3211800.0,37463500.0,65811900.0,266296076.0,52734100.0,37158900.0,70854600.0,,45232400.0,45185200.0,22098000.0
2013-04-29,3771200.0,39969900.0,65220300.0,241797206.0,50335800.0,47184400.0,47644900.0,,47842800.0,37454500.0,20814800.0
2013-05-06,1728400.0,26710200.0,50234900.0,268073516.0,55894100.0,36973600.0,50483500.0,,59433400.0,54718000.0,20826500.0
2013-05-13,1559200.0,26452600.0,56784500.0,244096714.0,54480000.0,44865600.0,45604600.0,,54553500.0,44733600.0,22208400.0
2013-05-20,1671500.0,34774200.0,62326600.0,338964713.0,61604400.0,53175100.0,66021700.0,,79329600.0,49994000.0,28892100.0
2013-05-27,3277100.0,24517500.0,50543400.0,260531056.0,41433300.0,30340700.0,86916300.0,,101218200.0,48855200.0,22989300.0
2013-06-03,2114700.0,38461800.0,81048700.0,462454571.0,78650700.0,48443700.0,100114700.0,,96126800.0,63217000.0,40247700.0
2013-06-10,3091400.0,32838700.0,50676000.0,387781742.0,51539400.0,36037200.0,67934700.0,,59363500.0,38407100.0,30123000.0
2013-06-17,4619000.0,41331700.0,79936800.0,406488387.0,65067300.0,52023500.0,99153600.0,,92612300.0,83075500.0,42985700.0
2013-06-21,,,,,,,,,,,
2013-06-24,2717300.0,35681000.0,61629100.0,375671164.0,63174900.0,55609200.0,77177500.0,,59035200.0,46400500.0,29547200.0
2013-06-26,,,,,,,,,,,
2013-07-01,1267800.0,22275800.0,36216800.0,225194462.0,40467600.0,49872800.0,31824500.0,,41988800.0,39329900.0,21703300.0
2013-07-08,776000.0,21620000.0,54912000.0,350333859.0,58721400.0,46662500.0,42099500.0,,45400400.0,30301300.0,41007200.0
2013-07-15,2069100.0,30026000.0,45146200.0,221571631.0,51831600.0,32870400.0,42087000.0,,46181400.0,29103200.0,22548200.0
2013-07-22,1919000.0,23747100.0,38601800.0,199252123.0,36010900.0,26270400.0,33066800.0,,36521100.0,23975600.0,18604400.0
2013-07-29,3833200.0,25447000.0,46308500.0,202127492.0,46397700.0,28552100.0,30126200.0,,48926900.0,31253500.0,20700200.0
2013-08-05,1563400.0,20437300.0,35273300.0,183324705.0,32126500.0,23033400.0,21327300.0,,37833300.0,19247100.0,14699000.0
2013-08-12,1309200.0,24647300.0,39211700.0,224861600.0,39935000.0,29266000.0,30720200.0,,51160800.0,30889500.0,35501200.0
2013-08-19,1972800.0,21846500.0,45100600.0,227992279.0,34208200.0,25313100.0,29055200.0,,53865400.0,24439300.0,20651500.0
2013-08-26,1392800.0,24761100.0,49310800.0,255603855.0,41325500.0,30104100.0,63630900.0,,37908100.0,24768600.0,25666800.0
2013-09-02,2685600.0,19172100.0,30262600.0,176576487.0,33691000.0,23412500.0,33134800.0,,38993800.0,20036900.0,24422000.0
2013-09-09,925000.0,32238900.0,44968700.0,204081951.0,49266000.0,31865200.0,35727800.0,,68806800.0,24307700.0,23781900.0
2013-09-16,1401600.0,40332500.0,47747200.0,257822363.0,59685800.0,37817700.0,39714900.0,,103302100.0,32458800.0,34402500.0
2013-09-20,,,,,,,,,,,
2013-09-23,920200.0,23945200.0,40145400.0,256134908.0,33753400.0,28647100.0,29690200.0,,57427200.0,24194500.0,25210600.0
2013-09-24,,,,,,,,,,,
2013-09-30,1994900.0,27217000.0,48444700.0,240442490.0,53513400.0,35660500.0,36501200.0,,40827700.0,38406900.0,26260600.0
2013-10-07,962800.0,31281300.0,56364800.0,365212588.0,62840700.0,40043700.0,35234700.0,,50318500.0,34744600.0,39748800.0
2013-10-14,1129100.0,27844100.0,57603700.0,312731118.0,58529700.0,37938100.0,35996000.0,,78271300.0,38609700.0,35133800.0
2013-10-21,1137700.0,23822000.0,55596100.0,187703742.0,41280800.0,33807800.0,33917600.0,,55620100.0,21878900.0,24185800.0
2013-10-28,3343400.0,26840700.0,46957200.0,198390299.0,42951500.0,48907200.0,80655700.0,,59320900.0,41169800.0,30389000.0
2013-11-04,2741200.0,23758700.0,58470600.0,224015534.0,37784700.0,35221900.0,46622200.0,,59451600.0,24850000.0,31485700.0
2013-11-11,956700.0,21215500.0,41801100.0,205441959.0,44834300.0,35472800.0,30236000.0,,54919400.0,23580800.0,27406100.0
2013-11-18,1038700.0,19691200.0,47866300.0,207496252.0,37740100.0,22517000.0,30551000.0,,52362900.0,23570700.0,23546200.0
2013-11-25,704500.0,14231000.0,30823200.0,102834909.0,26776900.0,25334700.0,14200600.0,,30099100.0,17592600.0,13468500.0
2013-12-02,3427800.0,30448500.0,52242900.0,208438705.0,38068200.0,25910400.0,32428200.0,,41583100.0,21060900.0,21704100.0
2013-12-09,1459200.0,19573400.0,61463200.0,282364441.0,42453200.0,30018000.0,46152300.0,,39511500.0,27395800.0,21141700.0
2013-12-16,2011000.0,42023400.0,64185900.0,376745458.0,69153300.0,46189400.0,41600700.0,,66052100.0,35058400.0,30329000.0
2013-12-20,,,,,,,,,,,
2013-12-23,805500.0,9833800.0,30085800.0,78590610.0,20617300.0,17304200.0,31262100.0,,44958600.0,12402000.0,13855300.0
2013-12-30,2513800.0,16563600.0,35969000.0,116788417.0,26960600.0,25240800.0,31057800.0,,46868200.0,20796500.0,13896600.0
2014-01-06,1914900.0,19950500.0,49541900.0,226244012.0,45964700.0,35684900.0,81144200.0,,70154100.0,36569800.0,22666400.0
2014-01-13,931600.0,24640200.0,65537600.0,295540696.0,45310200.0,35808700.0,39300200.0,,38716800.0,42210600.0,30845300.0
2014-01-20,1353300.0,29563700.0,55610300.0,224852737.0,51621000.0,32424800.0,36660100.0,,37643900.0,31243500.0,31670800.0
2014-01-27,2186800.0,35396300.0,73541100.0,324805012.0,67662900.0,51652300.0,91392200.0,,49781500.0,56448800.0,48927700.0
2014-02-03,1587300.0,49224100.0,98214100.0,367742416.0,81823700.0,50509100.0,82077700.0,,59878600.0,61612300.0,64285000.0
2014-02-10,936700.0,37838800.0,48060400.0,224456478.0,55223000.0,41138500.0,37129700.0,,38692000.0,41455100.0,25954300.0
2014-02-17,1085300.0,24285600.0,53695700.0,197342471.0,39221200.0,27627800.0,25711100.0,,38939300.0,36655500.0,18956500.0
2014-02-24,1281900.0,38597200.0,58053400.0,270502525.0,46041500.0,34427900.0,24061000.0,,39247200.0,37093200.0,24623200.0
2014-03-03,1358300.0,37251000.0,51494600.0,316292525.0,62882800.0,45425800.0,34465300.0,,60584500.0,56156100.0,30223200.0
2014-03-10,569800.0,31052300.0,52427400.0,248518958.0,65063100.0,41707600.0,35160800.0,,60953300.0,43187800.0,28505700.0
2014-03-17,1205900.0,32529500.0,49580600.0,355384530.0,57018100.0,46103500.0,35775200.0,,69576200.0,45382100.0,22505400.0
2014-03-21,,,,,,,,,,,
2014-03-24,2632700.0,27927000.0,47119100.0,303030470.0,54044300.0,44777000.0,37374800.0,,49381300.0,74864500.0,37205900.0
2014-03-25,,,,,,,,,,,
2014-03-31,3163900.0,28994700.0,53497300.0,244094744.0,58348700.0,42670800.0,35449100.0,,49594900.0,58346800.0,28567000.0
2014-04-07,3203400.0,27017500.0,55867900.0,366604479.0,56071300.0,47509100.0,49931500.0,,77193900.0,77199500.0,34702300.0
2014-04-14,1845600.0,20354600.0,63982000.0,281421864.0,43379800.0,35463000.0,19177000.0,,55064800.0,66752400.0,24097800.0
2014-04-21,931200.0,19254500.0,41161900.0,175038598.0,48655800.0,31841300.0,31039800.0,,66548800.0,37575400.0,26508600.0
2014-04-28,1216900.0,29722700.0,49687500.0,203241178.0,54089300.0,38408600.0,31247900.0,,104750400.0,42790000.0,29838300.0
2014-05-05,502400.0,18941800.0,44822000.0,212755208.0,32517500.0,26834900.0,22296100.0,,66454000.0,37403100.0,22761700.0
2014-05-12,1274600.0,23596400.0,41447100.0,176279569.0,47378900.0,29541100.0,21617300.0,,64009500.0,27604400.0,23674600.0
2014-05-19,573800.0,15403400.0,27715000.0,130669789.0,30301500.0,18184100.0,19698100.0,,45268000.0,19241800.0,18719200.0
2014-05-26,543600.0,12339000.0,25829100.0,120775995.0,27381100.0,23334600.0,18589800.0,,40076500.0,18108500.0,19508800.0
2014-06-02,4041600.0,16715800.0,26355700.0,143328286.0,29059700.0,25096500.0,15563600.0,,38781000.0,19415300.0,13360400.0
2014-06-09,999400.0,18174000.0,36676000.0,163033271.0,37615700.0,26391100.0,22773300.0,,52784000.0,25612000.0,20570600.0
2014-06-16,1020300.0,32105100.0,56069200.0,169072679.0,40125600.0,38483200.0,62306000.0,,98837800.0,26864600.0,21402300.0
2014-06-20,,,,,,,,,,,
2014-06-23,617900.0,25848900.0,55870100.0,138262351.0,34188700.0,39585900.0,33813900.0,,51355600.0,44451400.0,20428000.0
2014-06-24,,,,,,,,,,,
2014-06-30,463900.0,26748800.0,22775500.0,129849204.0,34608100.0,19142300.0,22545100.0,,52047200.0,21085000.0,9840200.0
2014-07-07,1072200.0,20962200.0,49446600.0,154461080.0,46829700.0,32207400.0,22710900.0,,55582700.0,25431800.0,38639200.0
2014-07-14,1266300.0,19556400.0,44327500.0,163281318.0,43605300.0,30129600.0,25725000.0,,38023200.0,31117200.0,40142700.0
2014-07-21,428800.0,14899200.0,32625900.0,121715001.0,40138800.0,32853900.0,27213400.0,,29747000.0,26873400.0,21335800.0
2014-07-28,1932000.0,31913100.0,60205800.0,258764570.0,74205500.0,55760800.0,81501700.0,,62131200.0,45418400.0,42794400.0
2014-08-04,920000.0,25815400.0,65725100.0,238980186.0,80157400.0,40655800.0,48280000.0,,127437900.0,45506000.0,49736800.0
2014-08-11,1810600.0,25137000.0,46383400.0,158932072.0,44872100.0,32230800.0,37131900.0,,37976600.0,24906000.0,23576400.0
2014-08-18,1272200.0,16453600.0,33493700.0,164837917.0,56199600.0,24163300.0,19536000.0,,36935500.0,22211900.0,18787800.0
2014-08-25,714800.0,11268500.0,22307500.0,126547292.0,20310000.0,22326000.0,11706100.0,,34823900.0,20221100.0,12409200.0
2014-09-01,679200.0,18590000.0,36894600.0,121658254.0,28647300.0,24818800.0,23529900.0,,39539600.0,23079500.0,18528800.0
2014-09-08,710800.0,19943500.0,59355000.0,183373083.0,31392500.0,38056500.0,21571700.0,,57546300.0,34612200.0,13280300.0
2014-09-15,1532000.0,22228800.0,59675200.0,245780352.0,41391000.0,49568900.0,36746400.0,,60754400.0,31988900.0,20895500.0
2014-09-19,,,,,,,,,,,
2014-09-22,1532800.0,20514300.0,69430800.0,239820589.0,44509200.0,33726400.0,43313000.0,,46920300.0,38135000.0,24487300.0
2014-09-24,,,,,,,,,,,
2014-09-29,1939200.0,42741600.0,105504400.0,282775595.0,67603700.0,44727400.0,62507200.0,,57242000.0,47614900.0,30270300.0
2014-10-06,1426000.0,51178400.0,171151800.0,362731753.0,98601500.0,70107800.0,54483800.0,,69372900.0,62274400.0,51203800.0
2014-10-13,1184500.0,77901200.0,270810800.0,450278135.0,143674200.0,119122200.0,87467700.0,,98469000.0,115268300.0,68843200.0
2014-10-20,703100.0,70183400.0,145808700.0,313146828.0,78952700.0,71992600.0,63330200.0,,54589900.0,59492600.0,29182200.0
2014-10-27,766100.0,81734600.0,112909200.0,216360929.0,53043300.0,46016100.0,30136400.0,,84360900.0,51062400.0,26141900.0
2014-11-03,1951200.0,48911200.0,118558100.0,196551555.0,39427800.0,39306400.0,44833400.0,,98737900.0,42846800.0,46645100.0
2014-11-10,888600.0,18395200.0,107509500.0,158687965.0,35136600.0,22131200.0,27462600.0,,56021400.0,30661100.0,31505500.0
2014-11-17,823400.0,25903800.0,92244100.0,107611312.0,33022800.0,27489800.0,23102800.0,,50574300.0,40221200.0,26666100.0
2014-11-24,939700.0,11297000.0,102643600.0,72293429.0,26223600.0,23531300.0,19355200.0,,39463000.0,20251700.0,13288100.0
2014-12-01,890300.0,34505100.0,163401400.0,136371658.0,48621100.0,32513300.0,35126900.0,,71626900.0,35119700.0,33291200.0
2014-12-08,1519600.0,31696600.0,205001400.0,292281623.0,56981400.0,41203400.0,28124600.0,,52711900.0,42552200.0,43852000.0
2014-12-15,1249300.0,41526400.0,266242000.0,240597719.0,80029300.0,63539300.0,51269900.0,,77221900.0,84158100.0,56389800.0
2014-12-19,,,,,,,,,,,
2014-12-22,648300.0,13578100.0,88279700.0,70325922.0,20232900.0,17740500.0,15469600.0,,55148300.0,40848900.0,28078600.0
2014-12-24,,,,,,,,,,,
2014-12-29,606300.0,12560000.0,86663200.0,112806377.0,23724700.0,24592200.0,31404400.0,,69607500.0,25571400.0,41914300.0
2015-01-05,964200.0,28544900.0,171603200.0,218808527.0,67712800.0,45856500.0,47898100.0,,80578200.0,70138400.0,35195200.0
2015-01-12,934300.0,28613000.0,199232400.0,303035886.0,80343900.0,54287800.0,53553800.0,,69846400.0,68882000.0,41358200.0
2015-01-19,1411600.0,19588200.0,110582800.0,219997302.0,41115000.0,41225900.0,36052500.0,,49687400.0,37091200.0,43466100.0
2015-01-26,1836900.0,27163100.0,152769600.0,263121572.0,61694600.0,63396600.0,43256300.0,,57531100.0,54923700.0,31099800.0
2015-02-02,3016300.0,29909800.0,181546600.0,280166369.0,64348300.0,41278800.0,42918600.0,,97767300.0,73347400.0,45355600.0
2015-02-09,1727400.0,17977000.0,125981900.0,177082428.0,35342100.0,35746400.0,28411800.0,,113412700.0,43572500.0,24706400.0
2015-02-16,1069600.0,12824000.0,91021100.0,116013502.0,23996200.0,19149000.0,20416900.0,,86634200.0,29759900.0,15469200.0
2015-02-23,1561100.0,13118100.0,83847200.0,152653356.0,29446300.0,28185300.0,20972100.0,,61956200.0,37429600.0,20855700.0
2015-03-02,1050800.0,16116100.0,77351800.0,206011912.0,35776800.0,37120300.0,32367000.0,,96503700.0,44634400.0,50333400.0
2015-03-09,1138100.0,17504300.0,89779600.0,204185601.0,45421200.0,54090000.0,38859100.0,,67703400.0,44209900.0,28468000.0
2015-03-16,1347800.0,27109100.0,104490000.0,210776622.0,61000500.0,62317000.0,77703000.0,,72763500.0,55612700.0,28895300.0
2015-03-20,,,,,,,,,,,
2015-03-23,580300.0,17039800.0,70125400.0,159996395.0,43957300.0,35956500.0,42651900.0,,54525900.0,55270000.0,23348100.0
2015-03-25,,,,,,,,,,,
2015-03-30,7493800.0,12937500.0,54742500.0,128849386.0,27724800.0,30466100.0,45593000.0,,47245500.0,45840500.0,24538300.0
2015-04-06,2478400.0,10228600.0,64456700.0,108317660.0,37666500.0,30838900.0,27705800.0,,49052900.0,37188300.0,21610300.0
2015-04-13,941400.0,12792500.0,81862200.0,193277588.0,38048500.0,41595300.0,27535500.0,,51251500.0,35503000.0,27277800.0
2015-04-20,850500.0,16762400.0,58743700.0,121652467.0,41015400.0,28070900.0,23698300.0,,53476200.0,40244600.0,20444300.0
2015-04-27,1780400.0,21443300.0,66260800.0,176532787.0,50624700.0,46172600.0,33407100.0,,63681000.0,73370100.0,36547900.0
2015-05-04,3273200.0,23788500.0,78810900.0,181716896.0,42064300.0,41137100.0,32861200.0,,75990600.0,50329800.0,31641900.0
2015-05-11,1320200.0,17995400.0,59929100.0,171486056.0,35381200.0,38447900.0,23797300.0,,70188500.0,31773000.0,36399400.0
2015-05-18,2888500.0,11272600.0,50221400.0,129109126.0,32007100.0,26651200.0,26470800.0,,49206800.0,32388600.0,21908900.0
2015-05-25,1493500.0,11573900.0,49700900.0,140027604.0,30963100.0,32914700.0,28794900.0,,37349100.0,38183100.0,18384400.0
2015-06-01,6739500.0,17388800.0,62212600.0,180261732.0,42011900.0,34306200.0,33450300.0,,73572600.0,32798400.0,26249800.0
2015-06-08,957300.0,13492200.0,49446800.0,215643995.0,32901700.0,36854500.0,39350400.0,,46883300.0,34005500.0,21507200.0
2015-06-15,1760400.0,16403800.0,57414300.0,249563091.0,45077900.0,51774300.0,40907000.0,,70497300.0,38162300.0,24841800.0
2015-06-19,,,,,,,,,,,
2015-06-22,1558300.0,12728300.0,44951400.0,175210692.0,29475400.0,29366200.0,27370200.0,,59238600.0,33941000.0,26142600.0
2015-06-24,,,,,,,,,,,
2015-06-29,1563300.0,23056500.0,52678100.0,206752236.0,47087100.0,37800500.0,31962300.0,,48107400.0,35833400.0,28498600.0
2015-07-06,570800.0,29493200.0,75922900.0,220448096.0,57293600.0,59071000.0,54064400.0,,83594400.0,47794900.0,28422600.0
2015-07-13,500300.0,20240500.0,61678000.0,193112264.0,36913200.0,32718000.0,29196200.0,,48391700.0,29628900.0,19052200.0
2015-07-20,623100.0,25919300.0,63500400.0,154914703.0,42436800.0,39944700.0,33084500.0,,50885900.0,36687500.0,17371900.0
2015-07-27,475600.0,43544300.0,93979200.0,142309140.0,53668500.0,42637600.0,37635900.0,,57565800.0,45140500.0,23781400.0
2015-08-03,955100.0,30103600.0,88504200.0,152070970.0,44999500.0,41396200.0,32613500.0,,74695900.0,48841500.0,31599700.0
2015-08-10,882400.0,22971500.0,95916100.0,234274196.0,38911700.0,55549100.0,29853500.0,,71784800.0,37365200.0,25812600.0
2015-08-17,766000.0,28047400.0,91535300.0,301846248.0,64277300.0,56904500.0,55696500.0,,61670000.0,58333400.0,44024700.0
2015-08-24,1868700.0,83516500.0,174134700.0,511213004.0,147391900.0,123039300.0,157196200.0,,112329300.0,106410300.0,78566100.0
2015-08-31,2843900.0,37492600.0,129014200.0,312156857.0,67346800.0,69836000.0,56308800.0,,62621100.0,80026400.0,45499800.0
2015-09-07,562800.0,21782400.0,65942400.0,163931409.0,33131100.0,39991000.0,34568300.0,,36993700.0,49068100.0,23753000.0
2015-09-14,2246800.0,30535000.0,85574200.0,261406298.0,74654800.0,58867200.0,48970000.0,,60653300.0,69515200.0,36635300.0
2015-09-18,,,,,,,,,,,
2015-09-21,1016600.0,36151800.0,81470200.0,254011681.0,54965100.0,46784100.0,46901300.0,,45840600.0,113711000.0,32881600.0
2015-09-25,,,,,,,,,,,
2015-09-28,3015500.0,66217200.0,88736000.0,279632975.0,70248200.0,66588500.0,70798600.0,,56670800.0,168406700.0,45555600.0
2015-10-05,1031100.0,66993100.0,144333900.0,218833639.0,92863600.0,60397000.0,56810400.0,6300.0,56687000.0,113360200.0,38592600.0
2015-10-12,513600.0,34586300.0,97300100.0,204722809.0,59040700.0,43959800.0,38763900.0,5700.0,42604700.0,89924300.0,31108800.0
2015-10-19,616100.0,26996200.0,82290500.0,192954819.0,69834500.0,53365900.0,53732100.0,11300.0,54085500.0,128613700.0,31077500.0
2015-10-26,1152500.0,29600000.0,76710700.0,276555474.0,67941400.0,47695200.0,38634100.0,11300.0,64952300.0,96358700.0,34350000.0
2015-11-02,2984400.0,40682200.0,84427600.0,286904123.0,59286700.0,41518600.0,57013500.0,35300.0,86710800.0,62441400.0,34842300.0
2015-11-09,1202600.0,32670700.0,76833200.0,248340340.0,78460100.0,58699500.0,40185200.0,211400.0,51167300.0,65010900.0,38880600.0
2015-11-16,2007500.0,37385700.0,86670000.0,262948986.0,60574600.0,45296100.0,38525600.0,62600.0,63016900.0,54010900.0,33223200.0
2015-11-23,1297900.0,15510900.0,54827400.0,115162881.0,35948700.0,28907800.0,23414200.0,4900.0,32347200.0,24789800.0,14703200.0
2015-11-30,3815600.0,33719900.0,113888900.0,224332147.0,65518600.0,59196200.0,54334300.0,16800.0,62331300.0,57501600.0,39959000.0
2015-12-07,3347700.0,41380700.0,156813100.0,281407092.0,79815200.0,66480800.0,53720800.0,6200.0,58865100.0,58545000.0,37189000.0
2015-12-14,8458300.0,45445900.0,153152100.0,451999319.0,98804900.0,91152400.0,73983700.0,10100.0,76384900.0,77000400.0,59289100.0
2015-12-18,,,,,,,,,,,
2015-12-21,1485500.0,20691800.0,86732300.0,162288516.0,32873500.0,31124000.0,24117400.0,5500.0,28454800.0,24862300.0,21758500.0
2015-12-24,,,,,,,,,,,
2015-12-28,783300.0,16065600.0,61913800.0,133281108.0,27485400.0,30017400.0,22499200.0,44400.0,32523600.0,28866000.0,19595200.0
2016-01-04,4952300.0,54516500.0,111609000.0,397767738.0,69535100.0,87638000.0,69063300.0,12600.0,62468000.0,83731200.0,54383600.0
2016-01-11,1943200.0,47876700.0,172951700.0,466771935.0,96922400.0,96912400.0,91706300.0,11200.0,90250700.0,99717900.0,67371200.0
2016-01-18,2473800.0,43929300.0,169472900.0,342290629.0,72313000.0,82674500.0,78003500.0,9700.0,66933100.0,66607400.0,56195100.0
2016-01-25,1107500.0,41200200.0,160639500.0,400587834.0,70132800.0,73656800.0,79865700.0,3700.0,72217200.0,82211800.0,47669700.0
2016-02-01,2322000.0,65541100.0,156654100.0,501167059.0,90922900.0,92235000.0,99165600.0,7300.0,133522300.0,84829600.0,53461300.0
2016-02-08,1178600.0,55363700.0,176202700.0,657151501.0,88879600.0,102072400.0,99196300.0,5000.0,123962600.0,93240100.0,65429400.0
2016-02-15,1011600.0,25621600.0,117041300.0,348316374.0,52859200.0,41579700.0,49155100.0,6800.0,69623300.0,48040200.0,34810900.0
2016-02-22,1822300.0,33925400.0,111187100.0,400794766.0,56844000.0,44100600.0,70066100.0,4500.0,86091800.0,46708300.0,35437800.0
2016-02-29,2171400.0,47308900.0,128368500.0,408285525.0,55941300.0,50424000.0,71052500.0,5800.0,117406200.0,57235200.0,42992500.0
2016-03-07,1457100.0,32385000.0,142052900.0,376873851.0,58808400.0,61423100.0,62843300.0,7200.0,84291000.0,54225100.0,34274200.0
2016-03-14,3828700.0,33157100.0,129090900.0,334317689.0,59412500.0,49920400.0,57852600.0,144300.0,87855600.0,78693900.0,33121500.0
2016-03-18,,,,,,,,,,,
2016-03-21,831600.0,18596500.0,65268400.0,195379766.0,35957700.0,38534700.0,42034400.0,9800.0,57513700.0,42981700.0,24021800.0
2016-03-23,,,,,,,,,,,
2016-03-28,2844000.0,26229500.0,70527800.0,203894962.0,53194700.0,51727600.0,49788200.0,36100.0,75891100.0,42942500.0,29108600.0
2016-04-04,2026700.0,26289300.0,81670700.0,245590656.0,56775600.0,48904500.0,54653800.0,10200.0,85956100.0,90583300.0,35129600.0
2016-04-11,744000.0,20352200.0,94225700.0,269255399.0,55626700.0,38570800.0,55030700.0,11500.0,60926400.0,46512700.0,24424800.0
2016-04-18,1256100.0,28798900.0,94215100.0,294511457.0,58261600.0,46664000.0,87335800.0,39400.0,90062800.0,53439700.0,22394000.0
2016-04-25,814300.0,27383700.0,92445000.0,271939594.0,65546900.0,64070300.0,56526700.0,27200.0,90658800.0,58582100.0,29207200.0
2016-05-02,7094700.0,37345100.0,76727000.0,220180599.0,66194700.0,59119400.0,56928100.0,16700.0,85597300.0,54623100.0,30552000.0
2016-05-09,2439200.0,34601300.0,65436100.0,182293373.0,62560600.0,48871300.0,47438700.0,27300.0,67017900.0,56402300.0,29370900.0
2016-05-16,1596100.0,33019800.0,76836600.0,278121676.0,59187000.0,41745600.0,68445800.0,20800.0,90645100.0,51464700.0,34214700.0
2016-05-23,1223500.0,22032900.0,55806400.0,210691066.0,38342600.0,42009000.0,45402200.0,15800.0,68683400.0,40846000.0,19314000.0
2016-05-30,4086700.0,17719900.0,57109500.0,193647503.0,40365600.0,35326100.0,38614500.0,8200.0,53291900.0,43340600.0,17644200.0
2016-06-06,1985200.0,23292100.0,78802600.0,190820141.0,50181600.0,42405600.0,38886100.0,16000.0,48125700.0,40057400.0,23771900.0
2016-06-13,5830600.0,28774200.0,78035400.0,298997590.0,73040100.0,48343300.0,50253500.0,33300.0,64807800.0,44540300.0,34691900.0
2016-06-17,,,,,,,,,,,
2016-06-20,4733500.0,28076800.0,68812100.0,404540329.0,74533800.0,52481500.0,48203300.0,21800.0,65203500.0,56409600.0,30764500.0
2016-06-21,,,,,,,,,,,
2016-06-27,3761600.0,36957800.0,77375600.0,468175766.0,115097600.0,62987900.0,77914200.0,36400.0,78861200.0,57190600.0,39607300.0
2016-07-04,2378500.0,20908000.0,56633100.0,239177022.0,52509300.0,35445600.0,65302700.0,31900.0,66467100.0,46186900.0,31752400.0
2016-07-11,4959000.0,23913500.0,57849200.0,284744456.0,60048000.0,52837100.0,59092100.0,1265700.0,77426000.0,35958700.0,19862100.0
2016-07-18,8613000.0,17997200.0,45195500.0,161557672.0,35200200.0,24130700.0,38310400.0,42500.0,59929600.0,32121300.0,12827100.0
2016-07-25,1371000.0,21206600.0,68708800.0,209732364.0,48417900.0,41131600.0,57469600.0,67800.0,66814700.0,31115000.0,19568200.0
2016-08-01,1979900.0,19801300.0,108371200.0,195536348.0,42920100.0,41374100.0,60914200.0,398400.0,75993400.0,47825500.0,16627800.0
2016-08-08,3170600.0,17056500.0,78448000.0,164806157.0,28455200.0,32422200.0,40069000.0,292700.0,53754600.0,37759900.0,20053300.0
2016-08-15,2252800.0,17062000.0,70859900.0,137695104.0,39793700.0,26438500.0,40362500.0,84400.0,89915100.0,25964700.0,17259600.0
2016-08-22,2793600.0,20456600.0,69516400.0,178875133.0,47821400.0,37794700.0,44278900.0,233700.0,54862600.0,40059300.0,20792400.0
2016-08-29,3890900.0,18975900.0,55222600.0,266075603.0,43977200.0,40008600.0,51952500.0,323300.0,69032300.0,35180500.0,18719300.0
2016-09-05,1630600.0,20485200.0,67715700.0,237513818.0,45527100.0,51804200.0,60957800.0,1954600.0,65350500.0,35255100.0,25563900.0
2016-09-07,,,,,,,,,,,
2016-09-12,2369600.0,39231200.0,106895300.0,397123063.0,84597100.0,85647200.0,89314400.0,9192800.0,110045000.0,56630700.0,38593100.0
2016-09-16,,,,,,,,,,,
2016-09-19,3551900.0,20578000.0,82582400.0,251694200.0,52444800.0,46655000.0,74414800.0,30756400.0,67832500.0,35614500.0,21198100.0
2016-09-26,2024000.0,21002700.0,115509900.0,254663100.0,46600700.0,48115500.0,67600500.0,15416300.0,76695200.0,36207100.0,26346600.0
2016-10-03,2791200.0,31880000.0,61279100.0,269164100.0,52349800.0,35221000.0,66820900.0,14606400.0,110767900.0,51853900.0,39755100.0
2016-10-10,1746600.0,28216400.0,60601600.0,317304900.0,50389200.0,40023000.0,65289500.0,11266700.0,88039500.0,57291100.0,22697200.0
2016-10-17,1882600.0,15464800.0,55419000.0,232812000.0,37395500.0,29393900.0,51546400.0,10689900.0,61787900.0,31643100.0,20542100.0
2016-10-24,1655500.0,19802100.0,74528000.0,211701400.0,48228400.0,35275200.0,60098400.0,7740600.0,63500800.0,48824500.0,22869900.0
2016-10-31,3680200.0,35885900.0,85083800.0,286221400.0,65894800.0,41392300.0,57258500.0,9889200.0,99739600.0,88997400.0,45353100.0
2016-11-07,4359100.0,54204700.0,90296500.0,767818800.0,128120200.0,103742500.0,133375900.0,18319400.0,163461100.0,127306800.0,46619000.0
2016-11-14,2431700.0,27046000.0,70710100.0,693253800.0,64007500.0,63813100.0,90067500.0,12385800.0,100098300.0,60404000.0,26327800.0
2016-11-21,2342500.0,14035600.0,53142400.0,305293600.0,40348300.0,28690600.0,56567600.0,6608300.0,44960900.0,38999200.0,19222000.0
2016-11-28,4232100.0,29858700.0,127727800.0,475477400.0,79835700.0,57151100.0,95077800.0,10846400.0,96112300.0,41567000.0,31604600.0
2016-12-05,3112200.0,30977900.0,79081900.0,506994600.0,49037000.0,50217300.0,80948500.0,8386700.0,66627100.0,43768600.0,33518100.0
2016-12-12,2299000.0,30352300.0,90126900.0,535082200.0,59369200.0,63602800.0,77777100.0,14971200.0,108491600.0,54208900.0,35201800.0
2016-12-16,,,,,,,,,,,
2016-12-19,3803900.0,16381600.0,41566500.0,228322000.0,25386800.0,34421100.0,42414700.0,8227400.0,44001200.0,28282700.0,17821100.0
2016-12-21,,,,,,,,,,,
2016-12-26,2053000.0,14757700.0,33653300.0,153088500.0,27171300.0,27916400.0,40371400.0,7093600.0,50669200.0,21888200.0,17334200.0
2017-01-02,10689000.0,19129900.0,54360300.0,216614000.0,52456900.0,35417200.0,52279500.0,8466600.0,60704800.0,32716000.0,30479100.0
2017-01-09,2927000.0,22149100.0,54551000.0,258133500.0,44296800.0,35331400.0,49110300.0,8851200.0,60052800.0,54452300.0,21509800.0
2017-01-16,1622900.0,15028500.0,36691300.0,296481800.0,39241500.0,26988900.0,58981200.0,6571000.0,54231600.0,25690000.0,16890900.0
2017-01-23,2146900.0,30336200.0,55077100.0,299379700.0,55298300.0,40835800.0,61607200.0,10208200.0,59621900.0,39138400.0,25434900.0
2017-01-30,9312300.0,32252200.0,70426800.0,300521400.0,67491100.0,45118000.0,77195000.0,9615000.0,76613600.0,70759100.0,21474500.0
2017-02-06,2446100.0,23207500.0,60494900.0,272024100.0,43887600.0,32180200.0,54186600.0,7584300.0,53008700.0,41962000.0,21149900.0
2017-02-13,1861200.0,17649800.0,50703600.0,347715500.0,49030700.0,32910200.0,64177400.0,14187800.0,74727100.0,50410900.0,19292900.0
2017-02-20,1729600.0,20837700.0,54729600.0,220851200.0,49651700.0,28978300.0,42151500.0,11224900.0,61010400.0,35074700.0,14152000.0
2017-02-27,3816500.0,23597900.0,78639200.0,307817000.0,51104600.0,39719500.0,67230700.0,10930600.0,92462700.0,48158000.0,23393600.0
2017-03-06,2709200.0,21772800.0,90652700.0,330297400.0,46441100.0,34381200.0,38876600.0,10454100.0,68297000.0,45254700.0,14539600.0
2017-03-13,2630900.0,26561400.0,93190000.0,357675100.0,62200700.0,41508100.0,57848300.0,11243100.0,82204600.0,47770100.0,21099800.0
2017-03-17,,,,,,,,,,,
2017-03-20,3429700.0,26533000.0,63598400.0,586955200.0,51287000.0,55330900.0,42607400.0,14007600.0,92790300.0,53813000.0,20333900.0
2017-03-24,,,,,,,,,,,
2017-03-27,3412700.0,17938200.0,93762600.0,425894200.0,49560000.0,35861700.0,30269300.0,11481200.0,56956900.0,31729200.0,20682700.0
2017-04-03,1661800.0,18396600.0,74546000.0,446264000.0,46293500.0,44421100.0,35909600.0,8505800.0,67566400.0,34945000.0,21653500.0
2017-04-10,1891800.0,15460500.0,53822000.0,338412500.0,37903600.0,31751500.0,25682200.0,6967000.0,39706100.0,20455900.0,15017600.0
2017-04-17,4929700.0,17179100.0,71239400.0,397551100.0,45514400.0,35768500.0,47099800.0,12790600.0,61238000.0,32762800.0,18006900.0
2017-04-24,3197100.0,25321000.0,82653000.0,374451600.0,53414100.0,46307100.0,37951600.0,8128900.0,57467900.0,33470000.0,22453600.0
2017-05-01,3851700.0,23506700.0,95478100.0,335077800.0,44668600.0,36658300.0,47127000.0,9821500.0,55462700.0,30515400.0,21250100.0
2017-05-08,1912000.0,18694800.0,70604900.0,295877500.0,35105000.0,32818200.0,28350300.0,8076200.0,40210700.0,24133200.0,23864900.0
2017-05-15,1442200.0,26382500.0,70246600.0,416347000.0,55065700.0,64596700.0,40306700.0,10581100.0,55814300.0,44126800.0,26656700.0
2017-05-22,1371100.0,16399200.0,69435000.0,296165000.0,35071300.0,68838400.0,30001200.0,6813000.0,55098700.0,23388400.0,14485600.0
2017-05-29,1269500.0,21777800.0,65148300.0,327354200.0,50498900.0,37098600.0,54522800.0,5303000.0,39988200.0,24518500.0,16024400.0
2017-06-05,1776400.0,22198000.0,93083400.0,398705400.0,57568300.0,65399600.0,66287400.0,7764300.0,49963300.0,34014500.0,29922300.0
2017-06-12,4238000.0,24149300.0,112892400.0,412595300.0,62565200.0,106542200.0,73632300.0,10037600.0,70813400.0,42426600.0,26707500.0
2017-06-16,,,,,,,,,,,
2017-06-19,1975000.0,17423600.0,89034400.0,299401900.0,35541000.0,58396500.0,45006600.0,24233000.0,52061700.0,46593500.0,17480000.0
2017-06-26,2978300.0,18498300.0,83356400.0,418274900.0,38185300.0,71944700.0,58191500.0,11670000.0,65831200.0,40799800.0,23312900.0
2017-06-27,,,,,,,,,,,
2017-07-03,1242300.0,16367000.0,76111300.0,296635100.0,22555700.0,52937600.0,39354800.0,7109300.0,54007100.0,25598800.0,12994500.0
2017-07-10,1844300.0,14153100.0,61201500.0,263316500.0,30882800.0,43817300.0,44825700.0,6637200.0,57041200.0,31693400.0,16398000.0
2017-07-17,2810200.0,15974200.0,82181300.0,233999000.0,35897600.0,42608800.0,36360400.0,11451200.0,43943300.0,34284700.0,17239400.0
2017-07-24,3178400.0,19608800.0,77705000.0,269800100.0,44769400.0,56201300.0,61967500.0,9363000.0,48960000.0,36889800.0,20508000.0
2017-07-31,3996600.0,24889600.0,66005500.0,238978000.0,67368700.0,47308600.0,78295400.0,7644400.0,58630400.0,33847800.0,16439100.0
2017-08-07,1720300.0,20538800.0,63557300.0,260398400.0,46258700.0,54996500.0,45510200.0,5947100.0,40533400.0,29266400.0,21217400.0
2017-08-14,2131000.0,19113700.0,74145200.0,281431000.0,44339000.0,55532400.0,40935500.0,7031400.0,52347000.0,27934500.0,20986000.0
2017-08-21,760900.0,15511200.0,55683700.0,192548400.0,36797300.0,41790500.0,38492100.0,5877400.0,35731800.0,32366300.0,25787600.0
2017-08-28,608600.0,20386500.0,49276700.0,200835000.0,42749600.0,37776000.0,46943100.0,7908400.0,43292300.0,28803000.0,13622200.0
2017-09-04,2433600.0,20248300.0,54071900.0,330480400.0,57686500.0,34968400.0,63574200.0,7630200.0,41840700.0,28421500.0,15904200.0
2017-09-11,2003600.0,25086000.0,66505600.0,297119100.0,37994900.0,43777800.0,42919100.0,8592900.0,58426500.0,32609900.0,16791300.0
2017-09-15,,,,,,,,,,,
2017-09-18,1851400.0,18006100.0,64883600.0,266405900.0,27891500.0,37908300.0,47253200.0,8377500.0,73284700.0,31215300.0,24003900.0
2017-09-25,1228200.0,20704000.0,62550100.0,232964400.0,30510400.0,48279800.0,60435600.0,7960900.0,60394800.0,33535100.0,22541400.0
2017-09-26,,,,,,,,,,,
2017-10-02,2581500.0,21326400.0,51979300.0,267458900.0,62837300.0,33036600.0,86258900.0,9133000.0,61369700.0,28943200.0,23130700.0
2017-10-09,1090100.0,12804300.0,42889600.0,224307500.0,39243800.0,29459400.0,49955000.0,7305800.0,57517500.0,23269300.0,18183700.0
2017-10-16,1057400.0,17956300.0,41162400.0,222801800.0,36345300.0,33809400.0,39640700.0,7211400.0,51054300.0,38350400.0,20929000.0
2017-10-23,1101900.0,25214600.0,57548400.0,271994900.0,41658800.0,48292200.0,55036200.0,8637600.0,67973700.0,40713100.0,20808300.0
2017-10-30,3813100.0,31462400.0,61010300.0,222455500.0,40879500.0,46121000.0,44264800.0,10883500.0,56827700.0,36923400.0,20226000.0
2017-11-06,2106800.0,17467900.0,70280000.0,307599100.0,33725200.0,37104900.0,51542700.0,10165300.0,54705000.0,27391900.0,14958400.0
2017-11-13,1922700.0,18204800.0,63397000.0,265220100.0,36772100.0,36106800.0,45870400.0,9184200.0,62353300.0,27996700.0,22048800.0
2017-11-20,1951900.0,10858300.0,30547900.0,114336700.0,24298500.0,31208800.0,30132200.0,4084000.0,27629000.0,19376700.0,12396100.0
2017-11-27,3036200.0,27763500.0,79800300.0,547555300.0,76564500.0,92100200.0,73261700.0,9702100.0,71919100.0,46631400.0,35337300.0
2017-12-04,1838400.0,27504400.0,55663600.0,352452800.0,69116900.0,65739200.0,78666900.0,8095300.0,63827100.0,43967400.0,29719900.0
2017-12-11,2289900.0,24638400.0,54227100.0,398926900.0,41947200.0,62425900.0,42756000.0,7175600.0,81152200.0,35901300.0,20537700.0
2017-12-15,,,,,,,,,,,
2017-12-18,1516400.0,19002100.0,56143300.0,277465900.0,31194700.0,53130200.0,40274100.0,6471700.0,81453600.0,26447000.0,20039300.0
2017-12-19,,,,,,,,,,,
2017-12-25,888800.0,9896600.0,34809600.0,146430600.0,19169700.0,27916900.0,26875400.0,7290500.0,30801000.0,16815200.0,10191300.0
2018-01-01,2342300.0,22723600.0,62702200.0,212578800.0,66538100.0,45479200.0,69107400.0,6683600.0,71466000.0,29657200.0,17966400.0
2018-01-08,864200.0,23885000.0,67744400.0,247240900.0,43249200.0,43790200.0,49721800.0,7442700.0,80482000.0,32605500.0,16330300.0
2018-01-15,791400.0,30189200.0,55379600.0,231851000.0,37606100.0,59780000.0,48742500.0,11151200.0,90706000.0,28891800.0,22960400.0
2018-01-22,1032800.0,27134300.0,59625000.0,253397500.0,51296600.0,60766200.0,53871300.0,10547300.0,116976800.0,43204900.0,27358100.0
2018-01-29,1295100.0,43222000.0,100141300.0,291769300.0,77699600.0,95778700.0,65079500.0,16310200.0,108887400.0,66160700.0,41134500.0
2018-02-05,2711500.0,93879500.0,155131700.0,694352700.0,152601100.0,182291600.0,163736500.0,44747200.0,165488500.0,141419400.0,95655600.0
2018-02-12,814000.0,39853800.0,87259300.0,298801200.0,69196400.0,65735200.0,79759100.0,23026000.0,108483300.0,50757300.0,34781000.0
2018-02-19,1245700.0,18302400.0,61368600.0,191604900.0,37637900.0,52834400.0,51837500.0,22237300.0,80006000.0,30104100.0,18265600.0
2018-02-26,2357400.0,32716000.0,80798000.0,354590100.0,98472300.0,79502700.0,87433400.0,21610900.0,82200600.0,43932100.0,33028100.0
2018-03-05,1261600.0,34811900.0,60278400.0,255627100.0,79141800.0,52117100.0,74448800.0,37316300.0,78244500.0,42126400.0,25494800.0
2018-03-12,2383400.0,27035600.0,58316200.0,264842600.0,53441300.0,64900700.0,55750000.0,15779100.0,95060700.0,34528100.0,22228800.0
2018-03-16,,,,,,,,,,,
2018-03-19,1850200.0,30417900.0,79921800.0,317032700.0,66027200.0,82330600.0,69151900.0,23981600.0,98560400.0,43920800.0,30555200.0
2018-03-22,,,,,,,,,,,
2018-03-26,1642300.0,31188000.0,62072900.0,305506900.0,62867100.0,99369500.0,75371800.0,22347000.0,73853200.0,37193600.0,34153500.0
2018-04-02,2221500.0,38158200.0,78010500.0,353750600.0,102485000.0,98825000.0,112827100.0,27812300.0,76547000.0,49244500.0,39635400.0
2018-04-09,802600.0,33407800.0,81494900.0,308308500.0,58197800.0,57075200.0,55434200.0,17885200.0,56387500.0,34190100.0,22954000.0
2018-04-16,1562000.0,26020200.0,79281800.0,288121600.0,51175700.0,63988000.0,73178400.0,13375500.0,71959800.0,29506700.0,25933900.0
2018-04-23,985000.0,32608400.0,73551600.0,247742500.0,81993000.0,81374800.0,72234900.0,14212000.0,71173300.0,42357500.0,34050600.0
2018-04-30,1598900.0,31740300.0,69113900.0,243057600.0,90008400.0,57640400.0,73405500.0,14400000.0,64921100.0,48746900.0,26382500.0
2018-05-07,2506100.0,29038800.0,97552500.0,195748600.0,52401300.0,63345000.0,47492200.0,7764400.0,74260700.0,45028700.0,20927100.0
2018-05-14,643600.0,26954700.0,63070200.0,196270100.0,37320800.0,49757000.0,76783900.0,8969600.0,56211200.0,40107300.0,21595500.0
2018-05-21,1825800.0,20405000.0,96310600.0,210015500.0,52891600.0,53966100.0,58205700.0,7839300.0,62119800.0,34557000.0,25694000.0
2018-05-28,1755700.0,19784000.0,69710900.0,321934600.0,53736200.0,67302500.0,62135000.0,13080400.0,63454800.0,50985800.0,22477900.0
2018-06-04,915800.0,25001300.0,67291800.0,264033200.0,39957000.0,74325700.0,66417100.0,15021600.0,88174000.0,33546800.0,23942200.0
2018-06-11,1912700.0,20491200.0,65307600.0,297955700.0,44840700.0,57923900.0,67226900.0,9870200.0,88572000.0,43011900.0,25023600.0
2018-06-15,,,,,,,,,,,
2018-06-18,935600.0,35839100.0,80494000.0,279453200.0,67403300.0,63222500.0,67040000.0,13487800.0,71872200.0,36928300.0,26554600.0
2018-06-25,7618800.0,30218800.0,79941100.0,370927800.0,84524600.0,81750400.0,82229600.0,18461800.0,92548100.0,38411900.0,35261800.0
2018-06-26,,,,,,,,,,,
2018-07-02,1731700.0,21162400.0,43884600.0,178874100.0,39405200.0,45368900.0,45026700.0,14336800.0,49736100.0,29668900.0,18781300.0
2018-07-09,841700.0,31937700.0,65416700.0,299755400.0,68322200.0,54307300.0,66938600.0,11572600.0,104914200.0,30942100.0,19778700.0
2018-07-16,3005700.0,31795100.0,63588300.0,283750800.0,47435800.0,35874400.0,68569400.0,10976800.0,56855900.0,28840100.0,20514500.0
2018-07-23,1147100.0,27718300.0,53655900.0,292053300.0,64308700.0,82909500.0,73127100.0,12433100.0,78750100.0,31083500.0,26815600.0
2018-07-30,3466300.0,29367900.0,51211000.0,278246100.0,67181600.0,67836700.0,81281300.0,16429100.0,77390100.0,29534300.0,25586900.0
2018-08-06,1243700.0,26191100.0,61607400.0,243019900.0,42358100.0,48163800.0,61276200.0,12014000.0,64294900.0,26011600.0,20058500.0
2018-08-13,5772400.0,29671000.0,83201300.0,266480900.0,66742000.0,57164600.0,61735400.0,12460500.0,73877900.0,31274200.0,23278100.0
2018-08-20,2514700.0,24625800.0,41422400.0,159149300.0,40171100.0,40918400.0,57854500.0,10211700.0,53092400.0,28582300.0,22751800.0
2018-08-27,1346900.0,23850700.0,41298600.0,192538500.0,41885100.0,47564200.0,53499500.0,9181300.0,59969600.0,26038100.0,23663600.0
2018-09-03,1255600.0,23915800.0,49233600.0,157846500.0,38481700.0,55710200.0,45876000.0,9427100.0,56336200.0,28625800.0,21621700.0
2018-09-10,1232300.0,27718400.0,56414400.0,189083900.0,44729500.0,68684200.0,50374900.0,8124800.0,50630700.0,37507300.0,21333300.0
2018-09-17,2539400.0,29622900.0,62086400.0,282130800.0,51598600.0,71599800.0,55835400.0,9706700.0,87693700.0,28814600.0,24893400.0
2018-09-21,,,,,,,,,,,
2018-09-24,2194600.0,29841800.0,64045900.0,265184700.0,51845000.0,67071700.0,47509400.0,11640400.0,89517200.0,34653600.0,24491800.0
2018-09-26,,,,,,,,,,,
2018-10-01,1810600.0,22926200.0,62601700.0,329925400.0,62577100.0,83214400.0,67377700.0,15373200.0,107554100.0,42514700.0,46576700.0
2018-10-08,3621200.0,59786500.0,113971700.0,522724000.0,138977200.0,183433800.0,125293300.0,26714300.0,134951000.0,109316300.0,70648300.0
2018-10-15,1880600.0,33989300.0,72120500.0,392126100.0,79650800.0,109418700.0,94881000.0,16961200.0,96857600.0,67422100.0,46349800.0
2018-10-22,2699200.0,92397500.0,117785600.0,438143000.0,119188600.0,140333300.0,153203000.0,29238300.0,127142200.0,82377700.0,57940900.0
2018-10-29,3193500.0,80917100.0,110833300.0,409827100.0,107167100.0,121526400.0,146264600.0,29498600.0,126345700.0,65538500.0,52672300.0
2018-11-05,2573700.0,36670300.0,81029300.0,263488800.0,82707200.0,63008300.0,82066900.0,17193500.0,95646000.0,44906700.0,25520900.0
2018-11-12,2871200.0,50057200.0,113377900.0,395746600.0,84796200.0,95905300.0,97492300.0,24435500.0,134687300.0,61201300.0,38807300.0
2018-11-19,2729000.0,33708000.0,73660900.0,242139900.0,49441700.0,69104800.0,75055600.0,17512400.0,66028000.0,33709900.0,30138000.0
2018-11-26,5315700.0,32955800.0,92638400.0,247817700.0,70892500.0,71307600.0,80890400.0,17043000.0,77003000.0,52945500.0,28868100.0
2018-12-03,4110200.0,44872500.0,103093500.0,397678400.0,87699000.0,78738200.0,104144300.0,23726500.0,84601800.0,60593200.0,36210800.0
2018-12-10,2147200.0,51795000.0,98084400.0,414228800.0,89336100.0,81525200.0,126132100.0,26893400.0,108766500.0,72575100.0,37296800.0
2018-12-17,8180400.0,90364100.0,168796300.0,546875300.0,113469000.0,157611700.0,182862900.0,54654100.0,156444200.0,124108400.0,65704100.0
2018-12-21,,,,,,,,,,,
2018-12-24,4213600.0,52820900.0,88517600.0,354239600.0,63247100.0,93458800.0,110120900.0,46131700.0,104322600.0,64626900.0,39272100.0
2018-12-31,3384400.0,35678900.0,82973400.0,249748500.0,70616200.0,78017500.0,76496700.0,37616900.0,82067100.0,58273600.0,26671200.0
2019-01-07,3345200.0,40579700.0,88779300.0,292910900.0,67890900.0,57593300.0,103265700.0,28750800.0,101286500.0,54602600.0,28609300.0
2019-01-14,1776400.0,51731900.0,60260600.0,296921000.0,77595500.0,54817400.0,54897900.0,25401900.0,103871700.0,46377600.0,21402900.0
2019-01-21,3303600.0,23305100.0,66513700.0,212360600.0,52606800.0,48770300.0,75329900.0,18813200.0,71203700.0,38516200.0,23706000.0
2019-01-28,4093700.0,39282900.0,68639600.0,265355600.0,68132600.0,63220300.0,68741600.0,29777800.0,84025200.0,52715900.0,25918900.0
2019-02-04,1639600.0,23831000.0,49998900.0,256307000.0,63913500.0,52975400.0,69288800.0,23473200.0,70275100.0,41161800.0,18527500.0
2019-02-11,1807800.0,34107400.0,56633400.0,228267500.0,46250500.0,43362700.0,53403800.0,22388400.0,71302700.0,35719000.0,18193000.0
2019-02-18,1054900.0,36916200.0,40471700.0,124341000.0,33505800.0,40171900.0,70780800.0,15083600.0,63195200.0,28100600.0,21622800.0
2019-02-25,2662600.0,35615400.0,68326400.0,234531200.0,51190500.0,65854300.0,60370200.0,20902400.0,64965200.0,45027500.0,23178200.0
2019-03-04,2330200.0,36914100.0,97345700.0,278087400.0,84885300.0,69291400.0,58492500.0,24773800.0,68831800.0,66424400.0,27460800.0
2019-03-11,3424800.0,31891000.0,62179800.0,246368200.0,81218400.0,82142200.0,62792800.0,21114600.0,80318800.0,48277400.0,28377800.0
2019-03-15,,,,,,,,,,,
2019-03-18,1945900.0,37935200.0,74109500.0,381640300.0,60994400.0,98716500.0,75002300.0,25296400.0,92349400.0,49176700.0,36942000.0
2019-03-20,,,,,,,,,,,
2019-03-25,3220800.0,33443200.0,52632200.0,299478900.0,53621800.0,76630100.0,63896800.0,16859500.0,93370100.0,45665600.0,28858200.0
2019-04-01,3326600.0,40702500.0,63327400.0,246986300.0,55422200.0,56459500.0,66097200.0,23296200.0,98794400.0,38957300.0,18841400.0
2019-04-08,1123500.0,23586200.0,60860600.0,296018100.0,53315600.0,45619700.0,39340600.0,14016000.0,77913400.0,38795400.0,17798800.0
2019-04-15,721400.0,13447200.0,37125000.0,207453500.0,38026300.0,43259800.0,39192500.0,13190200.0,66176000.0,92461700.0,11299600.0
2019-04-22,832500.0,27571700.0,64295300.0,219139800.0,52774700.0,58153300.0,59460200.0,19501300.0,73952800.0,91322000.0,16102900.0
2019-04-29,1518300.0,33013100.0,97114700.0,253984800.0,64489400.0,83180000.0,62896600.0,22564300.0,108740400.0,83163200.0,26512500.0
2019-05-06,1624600.0,44699100.0,72717400.0,266783900.0,79092900.0,86212500.0,79717200.0,19873400.0,95955900.0,90427300.0,30749000.0
2019-05-13,2264300.0,29401500.0,53336300.0,264006700.0,67374400.0,87902700.0,67579900.0,17092100.0,76668600.0,69648800.0,23685200.0
2019-05-20,3463500.0,23709500.0,70320600.0,189491200.0,58698300.0,68872500.0,55651700.0,11853200.0,53757900.0,55001500.0,18733100.0
2019-05-27,2375600.0,24031800.0,66954600.0,164778700.0,49342100.0,63987900.0,48719100.0,12383400.0,71596600.0,60269200.0,17036500.0
2019-06-03,3288100.0,93760000.0,96818000.0,225735800.0,67426900.0,73110300.0,88307500.0,19099900.0,115123900.0,87643500.0,26768400.0
2019-06-10,1473400.0,37111500.0,53284700.0,168964900.0,40016100.0,50919900.0,65663200.0,12526300.0,74541300.0,36758000.0,17945700.0
2019-06-17,2867600.0,34131000.0,77155300.0,261243600.0,57416800.0,72510600.0,69356800.0,27430200.0,90399300.0,38096500.0,19556300.0
2019-06-21,,,,,,,,,,,
2019-06-24,2837000.0,22949900.0,64589000.0,263762200.0,43644700.0,55028700.0,65264800.0,26446300.0,69189800.0,48729400.0,17143600.0
2019-07-01,1246300.0,18576100.0,41332200.0,169987800.0,34017700.0,33326500.0,47545600.0,21332700.0,71015900.0,25750000.0,18340300.0
2019-07-08,7316700.0,37796500.0,48646400.0,160766600.0,45848900.0,45923900.0,59868700.0,23971700.0,69630200.0,51286500.0,13856700.0
2019-07-15,2040100.0,23815700.0,56510500.0,186404700.0,38052300.0,40701400.0,46746200.0,17955000.0,67116100.0,39135500.0,10729200.0
2019-07-22,2705100.0,24654100.0,44743800.0,176188300.0,42331800.0,42730800.0,49366200.0,14839200.0,71555100.0,27742600.0,11102500.0
2019-07-29,1880000.0,32289400.0,81254300.0,305179300.0,56602000.0,83911400.0,91588700.0,28040400.0,104430700.0,54783200.0,20853600.0
2019-08-05,2287400.0,55414800.0,107237600.0,341763400.0,59434800.0,99124000.0,98643500.0,30894900.0,107438400.0,59502500.0,25829100.0
2019-08-12,2058200.0,53467900.0,95603500.0,329117100.0,65143600.0,87014800.0,74980200.0,24171700.0,89869800.0,58310200.0,23271100.0
2019-08-19,1520900.0,22967300.0,69202300.0,253932500.0,48522400.0,52610100.0,63299700.0,18215300.0,80371300.0,33132700.0,21635300.0
2019-08-26,729700.0,25983400.0,63685000.0,230666000.0,54057700.0,45727000.0,57679200.0,16486500.0,77787400.0,32001800.0,17036400.0
2019-09-02,426200.0,21526300.0,51928500.0,208242900.0,43259800.0,38760300.0,57376100.0,16085800.0,79176300.0,36820300.0,15660000.0
2019-09-09,2446000.0,33437700.0,106348200.0,327744600.0,59856300.0,61183100.0,112616200.0,28684000.0,107280200.0,43266600.0,15676700.0
2019-09-16,2138800.0,21347800.0,102900900.0,260087400.0,37906100.0,47265000.0,64006800.0,23955600.0,83770100.0,29965100.0,14645000.0
2019-09-20,,,,,,,,,,,
2019-09-23,1824600.0,26922100.0,69642200.0,277525800.0,55583800.0,59376300.0,73521500.0,19554300.0,81938200.0,42754100.0,17423700.0
2019-09-24,,,,,,,,,,,
2019-09-30,2056800.0,37419900.0,85690400.0,285361800.0,60332700.0,70189100.0,79511100.0,23855100.0,97847000.0,55935900.0,22053100.0
2019-10-07,1604500.0,42388500.0,73198100.0,275070700.0,49920900.0,60606400.0,59627700.0,19074000.0,75121400.0,45252200.0,17340700.0
2019-10-14,3440500.0,19633300.0,56786800.0,218083700.0,40260100.0,39390900.0,52695900.0,17903900.0,69539500.0,39695800.0,11544600.0
2019-10-21,1320500.0,19674700.0,65983100.0,186983600.0,43215400.0,40012600.0,46523900.0,10967500.0,68350900.0,31605000.0,11680700.0
2019-10-28,1224200.0,25700200.0,69074200.0,248767200.0,58126600.0,48921100.0,51303100.0,14756800.0,97458100.0,55232000.0,13141900.0
2019-11-04,1197900.0,17898100.0,80544700.0,232562500.0,59083800.0,46949000.0,59570300.0,18452500.0,102927800.0,51867000.0,16420400.0
2019-11-11,1102300.0,21414700.0,54895900.0,184093800.0,37486100.0,33365000.0,37881700.0,16113400.0,65540400.0,44238200.0,10503600.0
2019-11-18,1522300.0,18208800.0,72411900.0,175318600.0,40338800.0,41202400.0,42240500.0,19062500.0,79916900.0,48847000.0,14318600.0
2019-11-25,839100.0,15625000.0,43236500.0,134066800.0,30091000.0,32125700.0,26243100.0,12784800.0,54198500.0,31525000.0,13261200.0
2019-12-02,1479300.0,33040600.0,77383500.0,246878500.0,82256500.0,46759300.0,80018100.0,19417100.0,73231100.0,33678400.0,15711700.0
2019-12-09,713100.0,22101500.0,63489900.0,200043000.0,52384800.0,42022800.0,42040900.0,29861400.0,79623800.0,33443400.0,14194000.0
2019-12-16,1579900.0,24957000.0,77410000.0,250269400.0,35332700.0,42379500.0,47812900.0,20076300.0,90301800.0,32800500.0,16278700.0
2019-12-20,,,,,,,,,,,
2019-12-23,463900.0,14199800.0,39384100.0,85917700.0,19342200.0,24011300.0,26659300.0,7556500.0,37951000.0,13357800.0,10288900.0
2019-12-30,748400.0,25483300.0,66799500.0,114814300.0,47867200.0,42341800.0,52073600.0,14192500.0,59839700.0,24936700.0,17014300.0
2020-01-06,758000.0,53534500.0,77460000.0,176713700.0,59770200.0,42566700.0,63866000.0,21135000.0,58482200.0,36232700.0,27813300.0
2020-01-13,800100.0,28660000.0,57081900.0,179838800.0,46064400.0,39640100.0,52543600.0,18436200.0,64209600.0,34451700.0,21913200.0
2020-01-20,438200.0,15254200.0,65700900.0,170664700.0,44656200.0,36020200.0,45845000.0,13180400.0,62088900.0,40561600.0,17653800.0
2020-01-27,873600.0,34714700.0,107589000.0,235883500.0,72528700.0,67391900.0,54053500.0,26489100.0,74479200.0,51744000.0,30367300.0
2020-02-03,762400.0,63115300.0,104584900.0,235555300.0,63131700.0,53487000.0,81477400.0,20506900.0,76195600.0,47780400.0,32188800.0
2020-02-10,1350100.0,19572800.0,70179900.0,117524200.0,35725300.0,35400700.0,37620900.0,21091400.0,50598600.0,28885600.0,18380000.0
2020-02-17,872300.0,23236600.0,55629100.0,164884700.0,37741900.0,46736200.0,35299100.0,12754900.0,52364000.0,29428900.0,17265900.0
2020-02-24,3469700.0,95099400.0,254737600.0,612897700.0,205346100.0,170369700.0,161751600.0,82895700.0,208638900.0,100106200.0,74056800.0
2020-03-02,3885800.0,92405700.0,200627200.0,798920800.0,200454100.0,158188100.0,129911400.0,101673300.0,205917000.0,117954300.0,47255000.0
2020-03-09,3776700.0,73397600.0,231392800.0,752746600.0,113913100.0,162464400.0,116610500.0,66536800.0,176153800.0,121474600.0,45029500.0
2020-03-16,2627300.0,59583500.0,248396700.0,641506800.0,108847200.0,251685000.0,148991400.0,55439600.0,170874800.0,127431500.0,56138400.0
2020-03-23,2468400.0,71592600.0,228652700.0,705108100.0,136046000.0,166339700.0,137149200.0,91451000.0,146078200.0,99126300.0,39653400.0
2020-03-25,,,,,,,,,,,
2020-03-30,1795800.0,49553700.0,237266900.0,367118500.0,84507500.0,109124700.0,73197800.0,49654700.0,132694800.0,69129000.0,29749200.0
2020-04-06,1818200.0,68879600.0,222763600.0,367814900.0,70816700.0,73487200.0,72074000.0,106110700.0,121595600.0,75778900.0,21801400.0
2020-04-13,2568800.0,40752400.0,185033700.0,383493500.0,73628700.0,67445600.0,67547400.0,32889700.0,65016300.0,56292400.0,21957800.0
2020-04-20,1933300.0,25192800.0,227735600.0,284094300.0,50608900.0,57629300.0,68085100.0,30509900.0,74769600.0,55710200.0,18170700.0
2020-04-27,1862900.0,27963100.0,159680500.0,320231800.0,55347800.0,59321700.0,70092000.0,28636100.0,71676200.0,52350400.0,25177700.0
2020-05-04,1816400.0,21247100.0,133489800.0,282595900.0,41097000.0,46042000.0,56328100.0,25682000.0,82325500.0,49811200.0,22328400.0
2020-05-11,1332700.0,24196300.0,144025700.0,378094000.0,67790300.0,70130500.0,74222700.0,41499400.0,115143300.0,73444900.0,28693300.0
2020-05-18,1070100.0,22096200.0,138169100.0,274148700.0,58004500.0,48694700.0,60176500.0,25159600.0,79969900.0,53669400.0,22607300.0
2020-05-25,1148500.0,23977100.0,135985700.0,418429500.0,73198200.0,60780300.0,44500200.0,24648700.0,70075100.0,57143700.0,20484400.0
2020-06-01,1503000.0,22418900.0,153921500.0,416249300.0,77469500.0,53532800.0,49570600.0,22580500.0,85366700.0,57047200.0,23919100.0
2020-06-08,2777100.0,59488100.0,222692400.0,644599900.0,105891700.0,69128300.0,69283400.0,37538000.0,105039900.0,88041200.0,24601500.0
2020-06-15,1919600.0,31399600.0,133693300.0,418022100.0,72361700.0,60090600.0,47395200.0,22578100.0,88537100.0,56173000.0,22713600.0
2020-06-22,3135500.0,25566000.0,124495300.0,419533900.0,66758000.0,62000800.0,57939200.0,19152100.0,90327500.0,55136500.0,23125600.0
2020-06-29,2353000.0,25057000.0,85748800.0,241102400.0,37802000.0,37950500.0,31152800.0,15461800.0,63773500.0,34108400.0,16526800.0
2020-07-06,2199700.0,44866200.0,119875600.0,322733000.0,51541900.0,38864600.0,49395600.0,28941900.0,70366300.0,38936900.0,19313000.0
2020-07-13,2942700.0,36339500.0,133887100.0,417228900.0,64354300.0,56316900.0,54220900.0,35756100.0,103197100.0,44624800.0,22250400.0
2020-07-20,1917500.0,20597500.0,116862900.0,222218000.0,43968500.0,48551200.0,37965800.0,43839400.0,78919900.0,33094400.0,14631600.0
2020-07-27,1685200.0,24614300.0,110830700.0,219032800.0,38053300.0,47331500.0,42166100.0,17849800.0,64170000.0,29893000.0,15062900.0
2020-08-03,1210000.0,30308400.0,112001500.0,205015400.0,46651500.0,49567200.0,44334800.0,18456500.0,71572100.0,28955000.0,13865500.0
2020-08-10,863400.0,22807000.0,107394600.0,241487700.0,64686200.0,34655100.0,30634100.0,19055100.0,77869500.0,30111100.0,13700800.0
2020-08-17,711700.0,12434000.0,79854000.0,229682000.0,34985000.0,29717800.0,31864300.0,14945900.0,53111600.0,26543800.0,10339000.0
2020-08-24,815100.0,14862100.0,99781500.0,252528900.0,49370000.0,41399300.0,32450300.0,13578500.0,58895900.0,31389800.0,13256200.0
2020-08-31,1833100.0,52151900.0,134685500.0,352238600.0,81300700.0,100876900.0,70468000.0,30717300.0,79279000.0,54269000.0,26782700.0
2020-09-07,1702300.0,31690200.0,136597000.0,261809800.0,63807300.0,76960200.0,50438200.0,22398000.0,60736600.0,35811500.0,21394300.0
2020-09-14,2133000.0,40725900.0,129703800.0,270642200.0,66145900.0,67434400.0,39438200.0,19609900.0,61048500.0,34867300.0,17940400.0
2020-09-21,1227800.0,36780100.0,142355100.0,313690200.0,66547300.0,69396100.0,42064500.0,22827300.0,63549600.0,39501800.0,19014700.0
2020-09-23,,,,,,,,,,,
2020-09-28,2189700.0,44629600.0,131821800.0,311920700.0,61168300.0,62485300.0,39238000.0,19743300.0,61517800.0,37221200.0,18134700.0
2020-10-05,1213600.0,43204400.0,139807800.0,310809700.0,60463100.0,38330100.0,33680800.0,13395900.0,61792000.0,33860500.0,15014700.0
2020-10-12,1316600.0,28077100.0,108377800.0,237032200.0,51205100.0,38020400.0,36108700.0,20469100.0,46362200.0,31498300.0,14900200.0
2020-10-19,904900.0,21163600.0,130645800.0,239194600.0,41263300.0,33577000.0,35281800.0,18519400.0,47739700.0,33028900.0,13629300.0
2020-10-26,1384200.0,34668900.0,167698700.0,316516700.0,66397800.0,57634100.0,44700200.0,22066400.0,69532000.0,53176200.0,18882300.0
2020-11-02,1661700.0,42853000.0,185403300.0,359093400.0,76005000.0,58709400.0,83742800.0,25168900.0,73606000.0,70807700.0,16762700.0
2020-11-09,765000.0,43742400.0,297254800.0,421646000.0,75515600.0,51999800.0,55771800.0,35781400.0,88024100.0,57337300.0,22673500.0
2020-11-16,1399700.0,25212200.0,180632400.0,289983700.0,53016600.0,28208700.0,42205100.0,20529700.0,57698000.0,44419400.0,13733200.0
2020-11-23,889300.0,16859100.0,146059900.0,185039500.0,39778900.0,21326600.0,20364200.0,12630600.0,36898000.0,33479300.0,8458900.0
2020-11-30,1583100.0,27087900.0,202091100.0,286247200.0,61551500.0,47541700.0,57107400.0,18015100.0,60610200.0,51613500.0,14905900.0
2020-12-07,656400.0,21290700.0,173808100.0,203364300.0,42889800.0,28542300.0,37701500.0,13683000.0,48160400.0,31776200.0,17694200.0
2020-12-14,2686800.0,22442500.0,152844400.0,227100900.0,38726600.0,29831300.0,34943800.0,15200000.0,60073000.0,30972600.0,14890000.0
2020-12-21,1100400.0,13852100.0,103589700.0,188758400.0,31829000.0,22625900.0,23621000.0,10702300.0,35454100.0,24829100.0,10900600.0
2020-12-28,1026200.0,12165600.0,84269800.0,99287800.0,23360300.0,18106100.0,24731100.0,11616500.0,28467600.0,18588300.0,10713900.0
2021-01-04,1681000.0,64582800.0,181827500.0,303215700.0,72864100.0,46338100.0,69995400.0,23636400.0,64789200.0,63585100.0,24612100.0
2021-01-11,791000.0,35339100.0,184206800.0,291093200.0,55144000.0,38406800.0,53885000.0,19452400.0,60797700.0,37040800.0,18885900.0
2021-01-18,810400.0,22508700.0,108378800.0,235212100.0,36638300.0,21764200.0,35621900.0,12746800.0,48262500.0,23659100.0,12180800.0
2021-01-25,1609800.0,47473200.0,178503600.0,349131900.0,90693200.0,43244000.0,83917700.0,35020100.0,74918000.0,48651400.0,24568100.0
2021-02-01,958000.0,35108600.0,147930100.0,243929300.0,46021200.0,24475200.0,52285400.0,15278500.0,47848500.0,46909800.0,12786600.0
2021-02-08,716500.0,28994400.0,141325700.0,191409200.0,44980900.0,23025600.0,43325100.0,11728500.0,45589000.0,28122700.0,10562500.0
2021-02-15,1100500.0,23842700.0,130661100.0,231341500.0,30640300.0,23818700.0,35828600.0,11999100.0,42718200.0,31701500.0,10570100.0
2021-02-22,1365400.0,42821000.0,208980400.0,421557300.0,82030200.0,62379300.0,65773600.0,28857700.0,77432400.0,54968600.0,25666600.0
2021-03-01,1341800.0,54016700.0,223201900.0,400731000.0,91069200.0,101253800.0,85345500.0,40326300.0,92181300.0,69851400.0,32771000.0
2021-03-08,955100.0,39447400.0,204250200.0,400062900.0,68867300.0,51246800.0,74938900.0,22167600.0,62641000.0,49357000.0,31099100.0
2021-03-15,973100.0,32274300.0,185328800.0,384462100.0,74097700.0,46933900.0,69492800.0,23180900.0,78203900.0,44411700.0,23357200.0
2021-03-22,821900.0,38714900.0,198703800.0,316282100.0,76766300.0,40289500.0,73409300.0,29499700.0,61448200.0,47766100.0,22214400.0
2021-03-25,,,,,,,,,,,
2021-03-29,1393700.0,27310200.0,106907700.0,229617600.0,46373900.0,30167600.0,65332900.0,21036800.0,49096300.0,31005100.0,16378900.0
2021-04-05,481600.0,34517100.0,132329300.0,211849400.0,46665500.0,28906600.0,77424100.0,18498600.0,49003100.0,28362300.0,16248900.0
2021-04-12,1576200.0,25956000.0,128832300.0,223050900.0,50501800.0,30581700.0,49712800.0,20492700.0,46908500.0,36911400.0,14310200.0
2021-04-19,532300.0,29517900.0,127176700.0,215128900.0,53021400.0,24959900.0,54727800.0,20142600.0,52573800.0,39799400.0,15408300.0
2021-04-26,662000.0,23396000.0,134298000.0,222887700.0,50374000.0,26624100.0,46741700.0,17709200.0,44193400.0,36032200.0,12878100.0
2021-05-03,919100.0,36502500.0,150592700.0,247160800.0,68731100.0,37753200.0,52578800.0,23918800.0,54984300.0,69770800.0,18752200.0
2021-05-10,1706200.0,44373700.0,200803600.0,348709500.0,87562600.0,58087900.0,66330700.0,29411000.0,65669600.0,48969400.0,28807500.0
2021-05-17,1817200.0,39730900.0,166435800.0,248416200.0,64455100.0,44781100.0,54700100.0,25455600.0,58530900.0,41208700.0,24580400.0
2021-05-24,1111100.0,27434500.0,106156200.0,185571900.0,42362100.0,29181700.0,46600500.0,26767100.0,46586600.0,36768900.0,17784500.0
2021-05-31,651200.0,23965600.0,125942000.0,155376600.0,34465200.0,23454700.0,30793300.0,16619900.0,40360200.0,51086700.0,15780200.0
2021-06-07,1337000.0,32212500.0,124560400.0,220117900.0,48872300.0,26913000.0,38571200.0,21935200.0,42899800.0,49052600.0,15169800.0
2021-06-10,,,,,,,,,,,
2021-06-14,1316900.0,51923400.0,191785200.0,465509500.0,76627600.0,41194900.0,52230300.0,25380600.0,77290100.0,39897900.0,22051000.0
2021-06-21,1201600.0,35133700.0,126675500.0,280290500.0,60009300.0,28232500.0,45287300.0,18842500.0,51825500.0,35729400.0,19786900.0
2021-06-28,1878400.0,28121200.0,111185600.0,237350000.0,60579200.0,28908400.0,61907500.0,22524600.0,51061600.0,43688500.0,14013000.0
2021-07-05,809000.0,28101200.0,114927900.0,238603100.0,57297100.0,26808200.0,30976000.0,18980100.0,42176400.0,43459600.0,15701200.0
2021-07-12,561100.0,44611000.0,146031900.0,287200600.0,64247000.0,32647900.0,44354700.0,20359600.0,61108700.0,41545300.0,22891400.0
2021-07-19,1267100.0,38881100.0,187300600.0,292642200.0,73553900.0,36678800.0,69870100.0,26515000.0,70456600.0,60374700.0,24591000.0
2021-07-26,1300000.0,32321400.0,113344400.0,201108700.0,54478400.0,31601900.0,49001800.0,26751900.0,66341900.0,35907800.0,18431500.0
2021-08-02,585400.0,34350100.0,134312600.0,237340300.0,68159100.0,24315100.0,50139100.0,26785200.0,66864100.0,39554700.0,17442600.0
2021-08-09,523900.0,30382100.0,106364800.0,224930300.0,51192400.0,20514900.0,50579900.0,22879800.0,46844600.0,46340800.0,13214000.0
2021-08-16,764700.0,35909200.0,158257100.0,222834800.0,67038100.0,38044000.0,57728400.0,25033300.0,65774800.0,53628300.0,22837000.0
2021-08-23,627500.0,25439200.0,115782200.0,191382600.0,45903700.0,27957600.0,47499700.0,18880900.0,50564200.0,36589200.0,17653700.0
2021-08-30,634100.0,33574100.0,124974500.0,188407900.0,48754700.0,47631000.0,34715900.0,32335300.0,56239900.0,38768000.0,19362700.0
2021-09-06,821500.0,26968100.0,87154600.0,144504800.0,50356800.0,29714700.0,37880600.0,24643300.0,48237900.0,35192500.0,17238400.0
2021-09-13,1235400.0,35570800.0,164616600.0,248016600.0,59886400.0,48110100.0,54708100.0,29012900.0,65362200.0,56480000.0,28693700.0
2021-09-20,802100.0,33732600.0,160736400.0,319065300.0,68573000.0,56650700.0,54204800.0,36215900.0,69938600.0,58280000.0,28685500.0
2021-09-24,,,,,,,,,,,
2021-09-27,745800.0,40451000.0,228508700.0,348495700.0,80219600.0,78558500.0,68928600.0,39383200.0,74633200.0,85078200.0,34315600.0
2021-10-04,862300.0,37940400.0,238392100.0,281130700.0,66108100.0,81033400.0,67130100.0,37667200.0,72510700.0,93413300.0,27336300.0
2021-10-11,1066200.0,31257600.0,153547200.0,291611900.0,53977200.0,40160400.0,51718100.0,28697000.0,61811000.0,49292900.0,21991400.0
2021-10-18,1143900.0,28277600.0,133634800.0,210591300.0,40601100.0,29685100.0,46628200.0,24264200.0,54343900.0,51090600.0,18894700.0
2021-10-25,544000.0,25367900.0,127176800.0,221151800.0,45514700.0,36927400.0,42705100.0,36253100.0,49462800.0,56447800.0,26724300.0
2021-11-01,1273100.0,32615400.0,126009800.0,218025600.0,54283700.0,65064700.0,49078300.0,28550700.0,55403600.0,80504000.0,29419800.0
2021-11-08,721200.0,28131700.0,117308000.0,212633600.0,43742400.0,38870400.0,51480500.0,23359900.0,47959600.0,41596100.0,45127800.0
2021-11-15,2856800.0,24389000.0,140169900.0,231086000.0,41203500.0,39562700.0,46581900.0,34452500.0,43565000.0,39844200.0,34126700.0
2021-11-22,1848500.0,26595700.0,133916700.0,260439500.0,51456100.0,50350100.0,48103100.0,27117500.0,39988300.0,41879100.0,36532000.0
2021-11-29,8969400.0,48352600.0,214777800.0,497745800.0,94038000.0,106734900.0,101830200.0,52418300.0,97643900.0,98488500.0,65487500.0
2021-12-06,3237700.0,26478000.0,135251400.0,322639900.0,51070300.0,65865300.0,65680700.0,30662200.0,71096200.0,59999700.0,37659800.0
2021-12-13,6846500.0,30910100.0,152761900.0,335313300.0,73971800.0,76218400.0,92152100.0,38010200.0,90876400.0,79000600.0,45629300.0
2021-12-20,1479500.0,17577400.0,99278900.0,231670200.0,43809700.0,36314600.0,41728000.0,25578800.0,47960100.0,41948900.0,28968500.0
2021-12-27,2241100.0,15703600.0,81621000.0,155912900.0,30403400.0,27573000.0,40611800.0,22825500.0,41429000.0,35952900.0,19172300.0
2022-01-03,2308300.0,45345500.0,190826500.0,320274000.0,63007500.0,57416500.0,112808600.0,46810400.0,96318000.0,69597600.0,38580200.0
2022-01-10,2343900.0,33621000.0,164098400.0,318631300.0,63329100.0,56570500.0,84983600.0,30218300.0,79716700.0,66736700.0,44083300.0
2022-01-17,2147200.0,40051900.0,173315900.0,366730100.0,77300800.0,67640600.0,76150700.0,34608200.0,72829100.0,72043600.0,45539600.0
2022-01-24,12743900.0,71938700.0,293934600.0,544452700.0,139289800.0,126789300.0,146307400.0,58978800.0,127043600.0,126212600.0,98958400.0
2022-01-31,2952300.0,43117700.0,181230800.0,298419000.0,73613600.0,67801200.0,77058500.0,29263100.0,105318800.0,73124100.0,51521600.0
2022-02-07,2521700.0,57057400.0,190165500.0,322332900.0,68281700.0,60062500.0,75648400.0,32433000.0,91372600.0,58575400.0,52633600.0
2022-02-14,2338100.0,39469600.0,195041900.0,275054300.0,56944000.0,68001600.0,78702300.0,29283900.0,83158900.0,57548400.0,53050800.0
2022-02-21,2653300.0,36139000.0,142223300.0,267965200.0,60461800.0,57870400.0,66805600.0,24358700.0,63162500.0,48924900.0,48108000.0
